-- phpMyAdmin SQL Dump
-- version 4.8.5
-- https://www.phpmyadmin.net/
--
-- Host: 127.0.0.1:3306
-- Generation Time: May 03, 2020 at 06:54 PM
-- Server version: 5.5.62-log
-- PHP Version: 5.6.25

SET SQL_MODE = "NO_AUTO_VALUE_ON_ZERO";
SET AUTOCOMMIT = 0;
START TRANSACTION;
SET time_zone = "+00:00";


/*!40101 SET @OLD_CHARACTER_SET_CLIENT=@@CHARACTER_SET_CLIENT */;
/*!40101 SET @OLD_CHARACTER_SET_RESULTS=@@CHARACTER_SET_RESULTS */;
/*!40101 SET @OLD_COLLATION_CONNECTION=@@COLLATION_CONNECTION */;
/*!40101 SET NAMES utf8mb4 */;

--
-- Database: `research`
--

-- --------------------------------------------------------

--
-- Table structure for table `admin`
--

DROP TABLE IF EXISTS `admin`;
CREATE TABLE IF NOT EXISTS `admin` (
  `id` int(11) NOT NULL AUTO_INCREMENT,
  `FullName` varchar(100) DEFAULT NULL,
  `AdminEmail` varchar(120) DEFAULT NULL,
  `UserName` varchar(100) NOT NULL,
  `Password` varchar(100) NOT NULL,
  `updationDate` timestamp NOT NULL DEFAULT '0000-00-00 00:00:00' ON UPDATE CURRENT_TIMESTAMP,
  PRIMARY KEY (`id`)
) ENGINE=InnoDB AUTO_INCREMENT=2 DEFAULT CHARSET=latin1;

--
-- Dumping data for table `admin`
--

INSERT INTO `admin` (`id`, `FullName`, `AdminEmail`, `UserName`, `Password`, `updationDate`) VALUES
(1, 'chamindu ishan', 's.ishan149@gmail.com', 'admin', '202cb962ac59075b964b07152d234b70', '2020-03-30 09:21:28');

-- --------------------------------------------------------

--
-- Table structure for table `ads`
--

DROP TABLE IF EXISTS `ads`;
CREATE TABLE IF NOT EXISTS `ads` (
  `id` int(11) NOT NULL AUTO_INCREMENT,
  `fname` varchar(250) NOT NULL,
  `lname` varchar(250) NOT NULL,
  `email` varchar(250) NOT NULL,
  `phone` varchar(250) NOT NULL,
  `budget` double NOT NULL,
  `category` varchar(250) NOT NULL,
  `description` varchar(500) NOT NULL,
  `group_id` int(11) NOT NULL,
  `g_name` varchar(250) NOT NULL,
  `date` date NOT NULL,
  `image` varchar(500) DEFAULT NULL,
  `video` varchar(500) DEFAULT NULL,
  PRIMARY KEY (`id`)
) ENGINE=InnoDB DEFAULT CHARSET=latin1;

-- --------------------------------------------------------

--
-- Table structure for table `auther`
--

DROP TABLE IF EXISTS `auther`;
CREATE TABLE IF NOT EXISTS `auther` (
  `id` int(11) NOT NULL,
  `Name` text NOT NULL,
  `pagename` text NOT NULL,
  `contactNo` text NOT NULL,
  `email` text NOT NULL,
  `username` varchar(11) NOT NULL,
  `password` varchar(11) NOT NULL,
  `Category` text NOT NULL,
  `Price` int(11) NOT NULL,
  `platform` text NOT NULL
) ENGINE=InnoDB DEFAULT CHARSET=utf8mb4;

-- --------------------------------------------------------

--
-- Table structure for table `auther01`
--

DROP TABLE IF EXISTS `auther01`;
CREATE TABLE IF NOT EXISTS `auther01` (
  `id` int(11) NOT NULL AUTO_INCREMENT,
  `auther_name` varchar(250) NOT NULL,
  `page_name` varchar(250) NOT NULL,
  `user_name` varchar(250) NOT NULL,
  `password` varchar(250) NOT NULL,
  `email` tinytext NOT NULL,
  `contact_No` tinytext NOT NULL,
  `price` double(10,2) NOT NULL,
  `category` int(11) NOT NULL,
  `type` tinytext NOT NULL,
  PRIMARY KEY (`id`)
) ENGINE=InnoDB AUTO_INCREMENT=3 DEFAULT CHARSET=latin1;

--
-- Dumping data for table `auther01`
--

INSERT INTO `auther01` (`id`, `auther_name`, `page_name`, `user_name`, `password`, `email`, `contact_No`, `price`, `category`, `type`) VALUES
(1, 'chamindu', 'sliit machang', 'chamindu', '123', 'ch@c.c', '0123654789', 1000.00, 1, 'auther'),
(2, 'ishan', 'gtech', 'ishan', '123', 'is@i.i', '0123456987', 2000.00, 2, 'auther');

-- --------------------------------------------------------

--
-- Table structure for table `banner`
--

DROP TABLE IF EXISTS `banner`;
CREATE TABLE IF NOT EXISTS `banner` (
  `id` varchar(10) NOT NULL,
  `location` text NOT NULL,
  `price` int(11) NOT NULL,
  `status` text NOT NULL
) ENGINE=InnoDB DEFAULT CHARSET=utf8mb4;

-- --------------------------------------------------------

--
-- Table structure for table `bilboard`
--

DROP TABLE IF EXISTS `bilboard`;
CREATE TABLE IF NOT EXISTS `bilboard` (
  `id` varchar(10) NOT NULL,
  `location` text NOT NULL,
  `price` int(10) NOT NULL,
  `Category` text NOT NULL
) ENGINE=InnoDB DEFAULT CHARSET=utf8mb4;

--
-- Dumping data for table `bilboard`
--

INSERT INTO `bilboard` (`id`, `location`, `price`, `Category`) VALUES
('0001', 'kollupitiya', 15000, 'marketing / movie'),
('0002', 'malabe', 12000, 'marketing'),
('0003', 'Borella', 13000, 'Education'),
('0004', 'Bambalapitiya', 14000, 'marketing / movie');

-- --------------------------------------------------------

--
-- Table structure for table `category`
--

DROP TABLE IF EXISTS `category`;
CREATE TABLE IF NOT EXISTS `category` (
  `category_id` int(11) NOT NULL,
  `category_name` varchar(250) NOT NULL
) ENGINE=InnoDB DEFAULT CHARSET=latin1;

--
-- Dumping data for table `category`
--

INSERT INTO `category` (`category_id`, `category_name`) VALUES
(1, 'Facebook'),
(2, 'Youtube'),
(3, 'Instagram'),
(4, 'creater');

-- --------------------------------------------------------

--
-- Table structure for table `customer`
--

DROP TABLE IF EXISTS `customer`;
CREATE TABLE IF NOT EXISTS `customer` (
  `Id` int(11) NOT NULL,
  `FullName` text NOT NULL,
  `MobileNumber` text NOT NULL,
  `EmailId` text NOT NULL,
  `Password` varchar(20) NOT NULL
) ENGINE=InnoDB DEFAULT CHARSET=utf8mb4;

-- --------------------------------------------------------

--
-- Table structure for table `groups`
--

DROP TABLE IF EXISTS `groups`;
CREATE TABLE IF NOT EXISTS `groups` (
  `id` int(11) NOT NULL AUTO_INCREMENT,
  `name` varchar(250) NOT NULL,
  `category` varchar(250) NOT NULL,
  PRIMARY KEY (`id`)
) ENGINE=InnoDB DEFAULT CHARSET=utf8mb4;

-- --------------------------------------------------------

--
-- Table structure for table `group_users`
--

DROP TABLE IF EXISTS `group_users`;
CREATE TABLE IF NOT EXISTS `group_users` (
  `id` int(11) NOT NULL AUTO_INCREMENT,
  `group_id` int(11) NOT NULL,
  `user_id` int(11) NOT NULL,
  PRIMARY KEY (`id`)
) ENGINE=InnoDB AUTO_INCREMENT=10 DEFAULT CHARSET=utf8mb4;

--
-- Dumping data for table `group_users`
--

INSERT INTO `group_users` (`id`, `group_id`, `user_id`) VALUES
(1, 1, 31),
(2, 1, 32),
(3, 1, 37),
(4, 1, 38),
(5, 2, 38),
(6, 1, 8),
(7, 2, 9),
(8, 1, 10),
(9, 1, 3);

-- --------------------------------------------------------

--
-- Table structure for table `notification`
--

DROP TABLE IF EXISTS `notification`;
CREATE TABLE IF NOT EXISTS `notification` (
  `id` int(11) NOT NULL AUTO_INCREMENT,
  `ads_id` int(11) NOT NULL,
  `user_id` int(11) NOT NULL,
  `note` int(11) NOT NULL,
  PRIMARY KEY (`id`)
) ENGINE=InnoDB DEFAULT CHARSET=latin1;

-- --------------------------------------------------------

--
-- Table structure for table `page_category`
--

DROP TABLE IF EXISTS `page_category`;
CREATE TABLE IF NOT EXISTS `page_category` (
  `pagecategory_id` int(11) NOT NULL,
  `pagecategory_name` varchar(250) NOT NULL,
  PRIMARY KEY (`pagecategory_id`)
) ENGINE=InnoDB DEFAULT CHARSET=latin1;

--
-- Dumping data for table `page_category`
--

INSERT INTO `page_category` (`pagecategory_id`, `pagecategory_name`) VALUES
(1, 'education'),
(2, 'music'),
(3, 'marketing'),
(4, 'movie'),
(5, 'product');

-- --------------------------------------------------------

--
-- Table structure for table `partner`
--

DROP TABLE IF EXISTS `partner`;
CREATE TABLE IF NOT EXISTS `partner` (
  `id` int(11) NOT NULL,
  `name` text NOT NULL
) ENGINE=InnoDB DEFAULT CHARSET=utf8mb4;

-- --------------------------------------------------------

--
-- Table structure for table `reg`
--

DROP TABLE IF EXISTS `reg`;
CREATE TABLE IF NOT EXISTS `reg` (
  `id` int(10) NOT NULL AUTO_INCREMENT,
  `uname` varchar(100) NOT NULL,
  `pname` text NOT NULL,
  `contact` int(10) NOT NULL,
  `email` varchar(100) NOT NULL,
  `username` text NOT NULL,
  `password` varchar(10) NOT NULL,
  `catagory` text NOT NULL,
  `price` int(100) NOT NULL,
  `platform` text NOT NULL,
  PRIMARY KEY (`id`)
) ENGINE=InnoDB AUTO_INCREMENT=12 DEFAULT CHARSET=utf8mb4;

--
-- Dumping data for table `reg`
--

INSERT INTO `reg` (`id`, `uname`, `pname`, `contact`, `email`, `username`, `password`, `catagory`, `price`, `platform`) VALUES
(1, 'SDD', '3b3eda5569bbfb7f93d4', 6566, 'sd@gmail.com', '3691308f2a4c2f6983f2880d32e29c84', 'fd2cc6c542', '6226f7cbe5', 6, ''),
(2, 'AS', 'c12e01f2a13ff5587e1e', 542245, 'sa@gmail.com', 'a2c29192484301fa800100e16e494acf', 'fd2cc6c542', 'd78c03d72e', 94, ''),
(3, 'kalana', 'b4cafc10b2f5be193730', 125878547, 'kalana@gmail.com', 'b4cafc10b2f5be19373042d6088c122a', '202cb962ac', '26cae7718c', 0, ''),
(4, 'nuwan', '8bf2594e5c776236f206', 124587854, 'nuwan@c.c', '48e912410d266e8acfc5491ffd418567', '698d51a19d', '26cae7718c', 0, ''),
(5, 'nuwan', '8bf2594e5c776236f2067d97a2277a52', 124587854, 'nuwan@c.c', '48e912410d266e8acfc5491ffd418567', '698d51a19d', '26cae7718c32180a7a0f8e19d6d40a59', 0, ''),
(6, 'janaka', '1bfe9c49efc543c4ad050b14cc5af383', 124587854, 'janaka@j.c', '4b09bef12ba08b417a5bb30d5d263c08', '81dc9bdb52', '26cae7718c32180a7a0f8e19d6d40a59', 0, ''),
(7, 'KLJ', 'MM', 2147483647, 'as@gmail.com', 'SAA', 'qwerty', 'SD', 500, ''),
(8, 'KLJ', 'MM', 2147483647, 'as@gmail.com', 'SAA', 'qwerty', 'SD', 500, ''),
(9, 'KLJ', 'MM', 2147483647, 'as@gmail.com', 'SAA', 'qwerty', 'SD', 500, ''),
(10, 'charith', 'beam', 123654789, 'charith@c.c', 'charith', '123', 'facebook', 1500, 'facebook'),
(11, 'charith', 'beam', 123654789, 'charith@c.c', 'charith', '123', 'facebook', 1500, 'facebook');

-- --------------------------------------------------------

--
-- Table structure for table `register`
--

DROP TABLE IF EXISTS `register`;
CREATE TABLE IF NOT EXISTS `register` (
  `id` int(11) NOT NULL AUTO_INCREMENT,
  `fname` varchar(250) NOT NULL,
  `lname` varchar(250) NOT NULL,
  `page` varchar(250) NOT NULL,
  `page_url` varchar(250) NOT NULL,
  `email` varchar(250) NOT NULL,
  `username` varchar(250) NOT NULL,
  `password` varchar(250) NOT NULL,
  `phone` varchar(15) NOT NULL,
  `category` varchar(250) NOT NULL,
  `price` double NOT NULL,
  `platform` varchar(250) NOT NULL,
  PRIMARY KEY (`id`)
) ENGINE=InnoDB AUTO_INCREMENT=401 DEFAULT CHARSET=utf8mb4;

--
-- Dumping data for table `register`
--

INSERT INTO `register` (`id`, `fname`, `lname`, `page`, `page_url`, `email`, `username`, `password`, `phone`, `category`, `price`, `platform`) VALUES
(1, 'chamindu', 'ishan', 'MAE', '', 'chamindu@nullaIntegerurna.co.uk', 'chamndu', '123', '', 'Education', 1000, 'Admin'),
(2, 'Scott', 'Estrada', '', '', 'sed.tortor.Integer@auguemalesuada.org', 'Stephanie', 'Rush', '', 'Education', 1000, 'Facebook'),
(3, 'Belle', 'Norman', '', '', 'sem@nisiMaurisnulla.edu', 'Donna', 'Mclaughlin', '', 'Education', 1000, 'Youtube'),
(4, 'Hop', 'Lyons', '', '', 'gravida.mauris.ut@consequatnecmollis.org', 'Burke', 'Huber', '', 'Education', 1000, 'Instergram'),
(5, 'Amos', 'Gomez', '', '', 'Donec@Fusce.co.uk', 'Amir', 'Small', '', 'Education', 1000, 'Facebook'),
(6, 'Mercedes', 'Wyatt', '', '', 'eget.metus@orci.edu', 'Francis', 'Goodman', '', 'Education', 1000, 'Facebook'),
(7, 'William', 'Castillo', '', '', 'magnis.dis.parturient@elit.ca', 'Wallace', 'Pennington', '', 'Education', 1000, 'Facebook'),
(8, 'Wyatt', 'Vazquez', '', '', 'vitae@consequatdolor.co.uk', 'Cora', 'Mcfadden', '', 'Education', 1000, 'Facebook'),
(9, 'Octavius', 'Harris', '', '', 'orci@nascetur.net', 'Uta', 'Pratt', '', 'Education', 1000, 'Facebook'),
(10, 'Montana', 'Brewer', '', '', 'eu.tellus.Phasellus@elementum.co.uk', 'Prescott', 'Beck', '', 'Education', 1000, 'Facebook'),
(11, 'Reece', 'Solis', '', '', 'enim.consequat@uterat.net', 'Amber', 'Lynch', '', 'Education', 1000, 'Facebook'),
(12, 'Galvin', 'Park', '', '', 'arcu.et.pede@pretium.co.uk', 'Mia', 'Mason', '', 'Education', 1500, 'Facebook'),
(13, 'Kellie', 'Davis', '', '', 'Suspendisse@ipsumnonarcu.co.uk', 'Dale', 'Gilliam', '', 'Education', 1500, 'Facebook'),
(14, 'Anika', 'Hudson', '', '', 'Lorem.ipsum@adipiscing.org', 'Germaine', 'Zamora', '', 'Education', 1500, 'Facebook'),
(15, 'Brady', 'Merrill', '', '', 'euismod@euenimEtiam.ca', 'Ali', 'Vaughan', '', 'Education', 1500, 'Facebook'),
(16, 'Rhiannon', 'Stark', '', '', 'urna.justo.faucibus@montesnasceturridiculus.com', 'Glenna', 'Stevenson', '', 'Music', 1500, 'Facebook'),
(17, 'Linus', 'Matthews', '', '', 'bibendum.ullamcorper@quispede.edu', 'Ignacia', 'Solis', '', 'Music', 1500, 'Facebook'),
(18, 'Cally', 'Frazier', '', '', 'Etiam@ipsumsodales.edu', 'Keefe', 'Mcmahon', '', 'Music', 1500, 'Facebook'),
(19, 'Ishmael', 'Gomez', '', '', 'Nam@ligula.com', 'Adrian', 'Tanner', '', 'Music', 0, 'Facebook'),
(20, 'Gillian', 'Greer', '', '', 'elementum@ultrices.com', 'Kato', 'Cash', '', 'Music', 1500, 'Facebook'),
(21, 'Ivana', 'Mclaughlin', '', '', 'massa.Suspendisse@pede.edu', 'Omar', 'Skinner', '', 'Music', 1500, 'Facebook'),
(22, 'Cain', 'Joseph', '', '', 'semper.rutrum@necleoMorbi.edu', 'Hayley', 'Klein', '', 'Music', 1500, 'Facebook'),
(23, 'Vance', 'Richmond', '', '', 'nibh@gravidasagittis.org', 'asific', 'Myles', '', 'Music', 1500, 'Facebook'),
(24, 'Shay', 'Ramsey', '', '', 'Donec.nibh.Quisque@fringillaornare.net', 'Kermit', 'Cook', '', 'Music', 2000, 'Facebook'),
(25, 'Patricia', 'Kirkland', '', '', 'accumsan@nonummyut.com', 'Tamara', 'Jimenez', '', 'Music', 2000, 'Facebook'),
(26, 'Jemima', 'Henry', '', '', 'cubilia.Curae@augue.co.uk', 'Orson', 'Davenport', '', 'Music', 2000, 'Facebook'),
(27, 'Aileen', 'Noel', '', '', 'mattis@arcuet.com', 'Lionel', 'Lara', '', 'Music', 2000, 'Facebook'),
(28, 'Thor', 'Nichols', '', '', 'auctor@semper.net', 'Ahmed', 'Carr', '', 'Music', 2000, 'Facebook'),
(29, 'Sebastian', 'Williams', '', '', 'rutrum.magna@nonquam.co.uk', 'Zeph', 'Harris', '', 'Music', 2000, 'Facebook'),
(30, 'Robin', 'Rojas', '', '', 'tristique@Integereulacus.ca', 'Cameron', 'Austin', '', 'Sale', 2000, 'Facebook'),
(31, 'Berk', 'Mcgee', '', '', 'arcu.Aliquam.ultrices@seddolorFusce.edu', 'Jenna', 'Alvarado', '', 'Sale', 2000, 'Facebook'),
(32, 'Lev', 'Brennan', '', '', 'nonummy.ut.molestie@elit.edu', 'Clio', 'Dillon', '', 'Sale', 2000, 'Facebook'),
(33, 'Jakeem', 'Washington', '', '', 'a@eratVivamusnisi.com', 'Geoffrey', 'Schmidt', '', 'Sale', 2000, 'Facebook'),
(34, 'Rowan', 'Clayton', '', '', 'sit.amet@sociis.edu', 'Chaney', 'Mcbride', '', 'Sale', 2000, 'Facebook'),
(35, 'Justin', 'Browning', '', '', 'nunc.est.mollis@Nunc.org', 'Sybil', 'Sweeney', '', 'Sale', 2000, 'Facebook'),
(36, 'Francesca', 'Reed', '', '', 'sagittis@non.edu', 'Fletcher', 'Meyers', '', 'Sale', 2000, 'Facebook'),
(37, 'Abra', 'Hines', '', '', 'nulla.Donec@aliquet.edu', 'Jerry', 'Anderson', '', 'Sale', 2000, 'Facebook'),
(38, 'Sean', 'Lynn', '', '', 'Suspendisse.aliquet@dolorNulla.com', 'Griffin', 'Davis', '', 'Sale', 2000, 'Facebook'),
(39, 'Dawn', 'Weeks', '', '', 'urna.nec.luctus@tincidunt.net', 'Vladimir', 'Rios', '', 'Sale', 2000, 'Facebook'),
(40, 'Brendan', 'Richard', '', '', 'Fusce.aliquet.magna@leo.co.uk', 'Winter', 'Colon', '', 'Sale', 2500, 'Facebook'),
(41, 'Melodie', 'Lang', '', '', 'lacus@necimperdietnec.org', 'Yetta', 'West', '', 'Sale', 2500, 'Facebook'),
(42, 'Tyrone', 'Hodge', '', '', 'massa@Donec.com', 'Cassidy', 'Valencia', '', 'Sale', 2500, 'Facebook'),
(43, 'Maisie', 'Tate', '', '', 'Nulla.eget.metus@ultricesposuerecubilia.ca', 'Clarke', 'Underwood', '', 'Sale', 2500, 'Facebook'),
(44, 'Jacob', 'Christensen', '', '', 'Vestibulum.ut@vulputatemaurissagittis.com', 'Miak', 'Hammond', '', 'Sale', 2500, 'Facebook'),
(45, 'Igor', 'Salazar', '', '', 'neque@consequatenimdiam.ca', 'Rigel', 'Kemp', '', 'Sale', 2500, 'Facebook'),
(46, 'Celeste', 'Bell', '', '', 'Mauris.blandit.enim@anteiaculisnec.edu', 'Clark', 'Bonner', '', 'Sale', 2500, 'Facebook'),
(47, 'Hanae', 'Noel', '', '', 'libero.mauris@libero.com', 'Carter', 'Allison', '', 'Sale', 2500, 'Instergram'),
(48, 'Melvin', 'Roberts', '', '', 'ullamcorper@ligula.net', 'Malik', 'Acevedo', '', 'Sale', 2500, 'Instergram'),
(49, 'Martha', 'Lucas', '', '', 'vehicula@penatibuset.edu', 'Dorothy', 'Fernandez', '', 'Sale', 2500, 'Instergram'),
(50, 'Quin', 'Wyatt', '', '', 'ac.tellus@temporestac.net', 'Phoebe', 'Powers', '', 'Sale', 2500, 'Instergram'),
(51, 'Jerome', 'Mitchell', '', '', 'in.lobortis.tellus@sit.ca', 'Walter', 'Stein', '', 'Sale', 3000, 'Instergram'),
(52, 'Emily', 'Gonzalez', '', '', 'Mauris.molestie@Maecenas.com', 'Jael', 'Ryan', '', 'Sale', 3000, 'Instergram'),
(53, 'Zenia', 'Mason', '', '', 'interdum.Nunc@ligulaNullamenim.edu', 'Simon', 'Pollard', '', 'Sale', 3000, 'Instergram'),
(54, 'Cleo', 'Watson', '', '', 'vitae.aliquam.eros@montesnascetur.net', 'Orson', 'Reeves', '', 'Sale', 3000, 'Instergram'),
(55, 'Nelle', 'Holden', '', '', 'ac.orci.Ut@Suspendissealiquet.net', 'Barbara', 'Ramsey', '', 'Sale', 3000, 'Instergram'),
(56, 'Yetta', 'Parrish', '', '', 'eget.dictum@ipsum.edu', 'Wallace', 'Steele', '', 'Sale', 3000, 'Instergram'),
(57, 'Astra', 'Sanchez', '', '', 'massa@hymenaeos.net', 'Elvis', 'Beck', '', 'Sale', 3000, 'Instergram'),
(58, 'Nerea', 'Mays', '', '', 'Donec@utquam.com', 'Britanney', 'Harmon', '', 'Sale', 3000, 'Instergram'),
(59, 'Logan', 'Bonner', '', '', 'erat.nonummy@semNullainterdum.com', 'Montana', 'Acosta', '', 'Sale', 3000, 'Instergram'),
(60, 'Leila', 'Foley', '', '', 'sem.Pellentesque.ut@Maecenasornare.edu', 'Kiayada', 'Walton', '', 'Sale', 3000, 'Instergram'),
(61, 'Athena', 'Roy', '', '', 'cursus@consequat.com', 'Callie', 'Bullock', '', 'Sale', 3000, 'Instergram'),
(62, 'George', 'Ashley', '', '', 'risus.Morbi.metus@atiaculisquis.co.uk', 'Nero', 'Marsh', '', 'Sale', 3000, 'Instergram'),
(63, 'Azalia', 'Roberts', '', '', 'eleifend@pedesagittis.org', 'Barry', 'Cantu', '', 'Sale', 3000, 'Instergram'),
(64, 'Jeremy', 'Doyle', '', '', 'dictum.ultricies@sodalesMauris.net', 'Fayas', 'Shields', '', 'Sale', 3000, 'Instergram'),
(65, 'Nadine', 'Chambers', '', '', 'erat.in.consectetuer@Fuscemollis.ca', 'Lydia', 'Pollard', '', 'Marketing', 3000, 'Instergram'),
(66, 'Derek', 'Morgan', '', '', 'cursus@enimnisl.net', 'Carly', 'Fowler', '', 'Marketing', 3500, 'Instergram'),
(67, 'Dante', 'Young', '', '', 'augue.id.ante@ornaresagittis.co.uk', 'Yoshi', 'Martin', '', 'Marketing', 3500, 'Instergram'),
(68, 'Brandon', 'Vaughan', '', '', 'enim@acfermentum.org', 'Rafael', 'Jenkins', '', 'Marketing', 3500, 'Instergram'),
(69, 'TaShya', 'Conrad', '', '', 'auctor.velit.eget@natoque.edu', 'Pandora', 'Mays', '', 'Marketing', 3500, 'Instergram'),
(70, 'Urielle', 'Swanson', '', '', 'interdum@Craspellentesque.com', 'Ronan', 'Harris', '', 'Marketing', 3500, 'Instergram'),
(71, 'Camille', 'Francis', '', '', 'vitae@acmattis.edu', 'Gregory', 'Beach', '', 'Marketing', 3500, 'Instergram'),
(72, 'Gage', 'Short', '', '', 'a@ullamcorper.com', 'Josiah', 'Hardin', '', 'Marketing', 3500, 'Instergram'),
(73, 'Ginger', 'Guerrero', '', '', 'eget@Aeneansedpede.com', 'Gregory', 'Bray', '', 'Marketing', 3500, 'Instergram'),
(74, 'Yvette', 'Anderson', '', '', 'ac.turpis.egestas@Morbinonsapien.co.uk', 'Keiko', 'Pierce', '', 'Marketing', 3500, 'Instergram'),
(75, 'Kylan', 'Bond', '', '', 'non.luctus.sit@eleifend.edu', 'Harlan', 'Aguirre', '', 'Marketing', 1000, 'Instergram'),
(76, 'Kasimir', 'Howard', '', '', 'montes.nascetur@magnased.co.uk', 'Echo', 'Hammond', '', 'Marketing', 3500, 'Instergram'),
(77, 'Doris', 'Mueller', '', '', 'hendrerit.id.ante@maurisutmi.com', 'Quin', 'Ruiz', '', 'Marketing', 4000, 'Instergram'),
(78, 'Kevyn', 'Ross', '', '', 'consequat.lectus@lectus.ca', 'Christen', 'Nash', '', 'Marketing', 4000, 'Instergram'),
(79, 'Colby', 'Rocha', '', '', 'placerat@eu.edu', 'Audrey', 'Gutierrez', '', 'Marketing', 4000, 'Instergram'),
(80, 'Abraham', 'Macdonald', '', '', 'fringilla@pedeblanditcongue.co.uk', 'Harrison', 'Sullivan', '', 'Marketing', 4000, 'Instergram'),
(81, 'Kane', 'Cummings', '', '', 'faucibus.orci.luctus@Craspellentesque.co.uk', 'Jada', 'Rosa', '', 'Education', 4000, 'Instergram'),
(82, 'Lev', 'Yang', '', '', 'euismod.in@quislectus.ca', 'Mercedes', 'Castillo', '', 'Education', 0, 'Instergram'),
(83, 'Rhoda', 'Wolfe', '', '', 'adipiscing.lobortis.risus@euismodurna.net', 'Blaze', 'Tillman', '', 'Education', 4000, 'Instergram'),
(84, 'Hyatt', 'Lancaster', '', '', 'Sed.congue@Suspendisse.co.uk', 'Gage', 'Reed', '', 'Education', 0, 'Instergram'),
(85, 'Adrian', 'Waller', '', '', 'tempor.bibendum.Donec@eratsemper.net', 'Cheryl', 'Gibson', '', 'Education', 4000, 'Instergram'),
(86, 'Asher', 'Fleming', '', '', 'nec.leo@aliquamiaculis.ca', 'Lydia', 'Carney', '', 'Education', 4000, 'Instergram'),
(87, 'Jesse', 'Preston', '', '', 'est.mollis@velitdui.co.uk', 'Aubrey', 'Donovan', '', 'Education', 4000, 'Instergram'),
(88, 'Leo', 'Velazquez', '', '', 'neque.Morbi.quis@acmattis.co.uk', 'Raymond', 'Wise', '', 'Education', 4000, 'Instergram'),
(89, 'Herrod', 'Tate', '', '', 'ornare.Fusce@tinciduntpedeac.co.uk', 'Emmanuel', 'Higgins', '', 'Education', 4000, 'Instergram'),
(90, 'Colorado', 'Hubbard', '', '', 'ipsum@diam.net', 'Vedag', 'Wheeler', '', 'Education', 4000, 'Instergram'),
(91, 'Shelby', 'Mcgowan', '', '', 'arcu.Nunc.mauris@ullamcorperDuis.ca', 'Carol', 'Charles', '', 'Education', 4500, 'Instergram'),
(92, 'Aurelia', 'Torres', '', '', 'facilisi@pellentesqueafacilisis.com', 'Shad', 'Wade', '', 'Education', 4500, 'Instergram'),
(93, 'Erasmus', 'Gibbs', '', '', 'senectus.et@fringillacursuspurus.edu', 'Lamar', 'Chandler', '', 'Education', 4500, 'Instergram'),
(94, 'Castor', 'Baldwin', '', '', 'ut.sem@molestietortor.org', 'Cameron', 'Oneil', '', 'Education', 4500, 'Instergram'),
(95, 'Cody', 'Perez', '', '', 'imperdiet.dictum.magna@Loremipsum.org', 'Rebecca', 'Koch', '', 'Promotion', 4500, 'Instergram'),
(96, 'Richard', 'Garrett', '', '', 'et.netus.et@turpisAliquam.edu', 'Dexter', 'Sanchez', '', 'Promotion', 4500, 'Instergram'),
(97, 'Henry', 'Buck', '', '', 'Sed@quismassa.co.uk', 'gibbak', 'Phoebe', '', 'Promotion', 5000, 'Instergram'),
(98, 'Quamar', 'Rivera', '', '', 'sed@venenatisvel.ca', 'Aristotle', 'Thornton', '', 'Promotion', 5500, 'Facebook'),
(99, 'Joel', 'Fowler', '', '', 'et.magnis.dis@cursusInteger.ca', 'Jacquelin', 'Williamson', '', 'Promotion', 6000, 'Facebook'),
(100, 'Isaac', 'Neal', '', '', 'vitae@purus.co.uk', 'Elvis', 'Leblanc', '', 'Promotion', 1000, 'Facebook'),
(101, 'Leonard', 'Dennis', 'Curabitur Dictum PC', '', 'lobortis.tellus.justo@Aliquamultricesiaculis.co.uk', 'Mccoy', '44006', '(06) 8205 7101', 'property', 1500, 'Facebook'),
(102, 'Wendy', 'Mcneil', 'Dictum Industries', '', 'sed.sapien.Nunc@miAliquam.org', 'Spears', '57499', '(07) 7683 6411', 'property', 1505, 'Facebook'),
(103, 'Dieter', 'Rivera', 'Mus Incorporated', '', 'eu@facilisislorem.net', 'Knowles', '27283', '(05) 4553 4323', 'property', 1510, 'Facebook'),
(104, 'Arthur', 'Garcia', 'Molestie Tellus Aenean Limited', '', 'risus@natoque.ca', 'Garrison', '7377', '(09) 0086 6588', 'property', 1515, 'Facebook'),
(105, 'Wallace', 'Acevedo', 'Ut PC', '', 'ipsum@ipsumleoelementum.org', 'Hester', '85357', '(05) 9870 6847', 'property', 1520, 'Facebook'),
(106, 'Aline', 'Castaneda', 'Nullam Ut Limited', '', 'Maecenas.iaculis@metus.ca', 'Snow', '40994', '(02) 2282 0851', 'property', 1525, 'Facebook'),
(107, 'Shay', 'Blackwell', 'Pharetra Sed Hendrerit Consulting', '', 'Proin.vel@Donecvitaeerat.co.uk', 'Forbes', '48179', '(04) 7468 5030', 'property', 1530, 'Facebook'),
(108, 'Ora', 'Larson', 'Id Enim Industries', '', 'Donec.consectetuer@imperdiet.org', 'Rivers', '83854', '(07) 1139 8937', 'property', 1535, 'Facebook'),
(109, 'Jesse', 'Park', 'Cras Vulputate Velit Corp.', '', 'nibh.Donec@justoPraesentluctus.co.uk', 'Soto', '26598', '(06) 3972 8656', 'property', 1540, 'Youtube'),
(110, 'Moana', 'Burt', 'Elit Aliquam Auctor Corporation', '', 'aliquet.metus.urna@leoCrasvehicula.net', 'Bryant', '25284', '(08) 8867 8807', 'property', 1545, 'Youtube'),
(111, 'Ashton', 'Ryan', 'Magna Ut Tincidunt Associates', '', 'fames.ac.turpis@odioAliquam.ca', 'Holman', '69917', '(03) 2772 2613', 'property', 1550, 'Youtube'),
(112, 'Harding', 'Guerra', 'Nec Incorporated', '', 'laoreet.libero@placerat.co.uk', 'Meyer', '27839', '(09) 8429 4334', 'property', 1555, 'Youtube'),
(113, 'Perry', 'Johnston', 'Arcu Company', '', 'augue.eu@arcu.co.uk', 'Battle', '72254', '(09) 1608 1764', 'property', 1560, 'Youtube'),
(114, 'Robin', 'Tran', 'Sit Amet Ornare Ltd', '', 'ipsum.dolor.sit@elementum.edu', 'Molina', '63994', '(01) 4108 9411', 'property', 1565, 'Youtube'),
(115, 'Akeem', 'Mccullough', 'Cursus Diam At Limited', '', 'nec.leo.Morbi@in.co.uk', 'Spears', '82015', '(07) 3846 7388', 'property', 1570, 'Youtube'),
(116, 'Yoshio', 'Clements', 'Ut PC', '', 'lectus@eu.ca', 'Jenkins', '21063', '(01) 8834 8535', 'property', 1575, 'Youtube'),
(117, 'Silas', 'Sweeney', 'Nibh Vulputate Mauris Limited', '', 'sem.magna.nec@sapiengravidanon.edu', 'Mccarthy', '58548', '(08) 0221 3730', 'property', 1580, 'Youtube'),
(118, 'Francesca', 'Vance', 'Curae; Donec Tincidunt Consulting', '', 'vitae.risus@risus.net', 'Keller', '1408', '(09) 1211 9065', 'property', 1585, 'Youtube'),
(119, 'Richard', 'Weiss', 'Etiam Vestibulum Massa Associates', '', 'Duis.sit@parturient.edu', 'Fletcher', '10954', '(01) 3408 8573', 'property', 1590, 'Youtube'),
(120, 'Kerry', 'Chase', 'Mauris Suspendisse Industries', '', 'cursus@estNunclaoreet.net', 'Fernandez', '80556', '(07) 3658 0943', 'property', 1595, 'Youtube'),
(121, 'Ursa', 'Hicks', 'Eleifend Ltd', '', 'nisl.Quisque.fringilla@est.net', 'Alston', '71652', '(01) 1953 6163', 'property', 1600, 'Youtube'),
(122, 'Elvis', 'Trujillo', 'Imperdiet Non Incorporated', '', 'at.risus.Nunc@atiaculisquis.net', 'Gregory', '91357', '(03) 0619 3748', 'property', 1605, 'Youtube'),
(123, 'Sebastian', 'Jarvis', 'Lectus Pede Consulting', '', 'ut@dolorelit.org', 'Herring', '39146', '(05) 3507 8372', 'property', 1610, 'Youtube'),
(124, 'Carl', 'Wiley', 'Consectetuer Associates', '', 'sed@metus.ca', 'England', '90300', '(04) 1771 4821', 'property', 1615, 'Youtube'),
(125, 'Susan', 'Chen', 'Porttitor Scelerisque Neque PC', '', 'fringilla@sem.org', 'Kirby', '35035', '(03) 7117 5475', 'property', 1620, 'Youtube'),
(126, 'Whoopi', 'Giles', 'Et Rutrum LLP', '', 'velit.Cras.lorem@ac.co.uk', 'Mcfarland', '94128', '(07) 2204 4417', 'property', 1625, 'Youtube'),
(127, 'Jeanette', 'Conner', 'Ut Odio Institute', '', 'ante@blanditviverra.org', 'Valdez', '83963', '(03) 8540 1265', 'vehicle', 1630, 'Youtube'),
(128, 'Martena', 'Snyder', 'Lobortis Quis Ltd', '', 'molestie.arcu.Sed@aliquamadipiscinglacus.edu', 'Stephenson', '74870', '(01) 8152 5919', 'vehicle', 1635, 'Youtube'),
(129, 'Lucy', 'Pace', 'Tincidunt Adipiscing Corp.', '', 'sodales.purus.in@viverraDonec.net', 'Pitts', '17446', '(05) 8530 6480', 'vehicle', 1640, 'Youtube'),
(130, 'Lesley', 'Giles', 'Diam Vel Arcu LLP', '', 'et@laciniamattis.ca', 'Mcleod', '32380', '(06) 1311 2805', 'vehicle', 1645, 'Youtube'),
(131, 'Kylee', 'Holman', 'Diam Luctus Foundation', '', 'cursus.diam.at@in.ca', 'Guzman', '88001', '(01) 4126 0892', 'vehicle', 1650, 'Youtube'),
(132, 'Nissim', 'Burns', 'Cursus Inc.', '', 'neque@aliquam.co.uk', 'Waller', '27205', '(08) 3116 5900', 'vehicle', 1655, 'Youtube'),
(133, 'Abigail', 'Brooks', 'Non Feugiat Nec Corp.', '', 'interdum.enim.non@etmagnis.net', 'Humphrey', '53982', '(07) 8100 7692', 'vehicle', 1660, 'Youtube'),
(134, 'Fritz', 'Estrada', 'Condimentum Donec Industries', '', 'interdum.libero@leoVivamusnibh.net', 'Vang', '85479', '(06) 0422 5906', 'vehicle', 1665, 'Youtube'),
(135, 'Cole', 'Hooper', 'Dapibus Ltd', '', 'felis@mollisPhasellus.co.uk', 'Beach', '24283', '(08) 3510 5982', 'vehicle', 1670, 'Youtube'),
(136, 'Bernard', 'Terry', 'Lorem Corporation', '', 'pede.Nunc@massa.com', 'Emerson', '97964', '(07) 6182 1131', 'vehicle', 1675, 'Youtube'),
(137, 'Macy', 'Strong', 'Quam Pellentesque Habitant LLC', '', 'turpis.nec.mauris@dictumeu.co.uk', 'Patton', '40154', '(04) 1369 5552', 'vehicle', 1680, 'Youtube'),
(138, 'Aline', 'Berger', 'Vestibulum Massa Corporation', '', 'bibendum.fermentum.metus@tristiquepharetraQuisque.org', 'Doyle', '85920', '(05) 2984 3586', 'vehicle', 1685, 'Youtube'),
(139, 'Xaviera', 'Tucker', 'Orci Industries', '', 'felis.adipiscing@velitSed.com', 'Gill', '14307', '(08) 1765 3952', 'vehicle', 1690, 'Youtube'),
(140, 'Sybill', 'Whitaker', 'Id Mollis Nec PC', '', 'ante.iaculis@nullaIntegervulputate.org', 'Ramirez', '31132', '(09) 8371 2407', 'vehicle', 1695, 'Youtube'),
(141, 'Ursula', 'Dean', 'Pellentesque Industries', '', 'metus.facilisis.lorem@Duis.edu', 'Simmons', '3441', '(06) 5018 3544', 'vehicle', 1700, 'Youtube'),
(142, 'Mariko', 'Stanley', 'Aliquam Institute', '', 'erat.Vivamus.nisi@condimentumegetvolutpat.net', 'Lopez', '57213', '(04) 1238 2957', 'vehicle', 1705, 'Youtube'),
(143, 'Briar', 'Silva', 'Lobortis Ltd', '', 'et.risus.Quisque@milaciniamattis.edu', 'Harvey', '16492', '(09) 5988 4271', 'vehicle', 1710, 'Youtube'),
(144, 'Tara', 'Hewitt', 'Sem LLP', '', 'non@tempor.com', 'Gibson', '61962', '(04) 8481 9484', 'vehicle', 1715, 'Youtube'),
(145, 'Abbot', 'Cardenas', 'Eget Volutpat Ornare Institute', '', 'luctus@velitPellentesque.co.uk', 'Huffman', '44159', '(04) 9999 9743', 'vehicle', 1720, 'Youtube'),
(146, 'Zelda', 'Moon', 'Convallis Ltd', '', 'Duis.gravida.Praesent@faucibusorciluctus.com', 'Reid', '55152', '(09) 4780 4642', 'vehicle', 1725, 'Youtube'),
(147, 'Clinton', 'Weaver', 'Dapibus Gravida LLP', '', 'Phasellus.at.augue@blanditenimconsequat.co.uk', 'Mcintosh', '59611', '(08) 2272 0778', 'vehicle', 1730, 'Youtube'),
(148, 'Rhea', 'Juarez', 'Sit Amet Foundation', '', 'Pellentesque.habitant@ac.edu', 'Martinez', '44989', '(07) 7224 2374', 'vehicle', 1735, 'Instergram'),
(149, 'Brendan', 'Gibbs', 'Mi Industries', '', 'auctor@molestieSed.org', 'Mccoy', '12220', '(02) 5487 6358', 'vehicle', 1740, 'Instergram'),
(150, 'Armando', 'Marquez', 'A Aliquet Vel Consulting', '', 'erat.in@vitaeposuere.co.uk', 'Wilson', '42214', '(03) 6519 1399', 'vehicle', 1745, 'Instergram'),
(151, 'Tad', 'Gordon', 'Venenatis Corp.', '', 'non.arcu.Vivamus@variusorciin.net', 'Reilly', '91093', '(09) 4030 2700', 'vehicle', 1750, 'Instergram'),
(152, 'Paul', 'Gray', 'Dictum Cursus Industries', '', 'ut.erat.Sed@ac.co.uk', 'Dickerson', '43302', '(06) 3372 9718', 'vehicle', 1755, 'Instergram'),
(153, 'Colorado', 'Lang', 'Tellus Institute', '', 'eget.volutpat.ornare@sit.edu', 'Johns', '13777', '(09) 0349 2346', 'vehicle', 1760, 'Instergram'),
(154, 'Akeem', 'Hinton', 'Tincidunt Dui Corp.', '', 'sagittis.lobortis.mauris@Quisquevarius.co.uk', 'Mcdowell', '71016', '(07) 4222 7340', 'vehicle', 1765, 'Instergram'),
(155, 'Chantale', 'Chavez', 'Nulla Corporation', '', 'Duis.a.mi@egestas.org', 'Allison', '49138', '(06) 4445 9523', 'land', 1770, 'Instergram'),
(156, 'Genevieve', 'Hendricks', 'Risus Donec LLP', '', 'Nullam.suscipit.est@vulputaterisusa.com', 'Neal', '8673', '(05) 3142 8685', 'land', 1775, 'Instergram'),
(157, 'Perry', 'Sears', 'Dictum Augue Malesuada Corporation', '', 'facilisis@Crasloremlorem.ca', 'Barnes', '24426', '(01) 8490 0359', 'land', 1780, 'Instergram'),
(158, 'Karina', 'Harvey', 'Vivamus Rhoncus Donec Corp.', '', 'nibh.Aliquam@diamluctus.ca', 'Becker', '78282', '(06) 2686 0874', 'land', 1785, 'Instergram'),
(159, 'Robert', 'Ferrell', 'Nisi Inc.', '', 'tristique.neque.venenatis@vel.com', 'Mason', '7598', '(02) 9646 8222', 'land', 1790, 'Instergram'),
(160, 'Dakota', 'Woods', 'Nec Mollis Vitae Associates', '', 'tincidunt.tempus@varius.ca', 'Dodson', '85083', '(07) 0900 2902', 'land', 1795, 'Instergram'),
(161, 'Janna', 'Charles', 'Phasellus Dapibus Corporation', '', 'dictum.mi.ac@Curabitursed.ca', 'Noel', '28388', '(08) 2791 2236', 'land', 1800, 'Instergram'),
(162, 'Keiko', 'Riggs', 'Accumsan Convallis Industries', '', 'Maecenas.mi@ligulaNullamenim.ca', 'Arnold', '78358', '(09) 5898 2973', 'land', 1805, 'Instergram'),
(163, 'Dalton', 'Robbins', 'Mollis Dui In Corp.', '', 'justo.faucibus.lectus@Ut.com', 'Grimes', '59717', '(02) 8739 7198', 'land', 1810, 'Instergram'),
(164, 'Inez', 'Miranda', 'Rhoncus Id Industries', '', 'magna@sapienmolestie.ca', 'Bentley', '9789', '(09) 8031 6787', 'land', 1815, 'Instergram'),
(165, 'Harlan', 'Mckay', 'Blandit Congue LLP', '', 'justo.Praesent@pulvinararcuet.org', 'Reid', '90661', '(03) 7626 6263', 'land', 1820, 'Instergram'),
(166, 'Nyssa', 'Justice', 'Sagittis Augue PC', '', 'urna@auctor.co.uk', 'Bridges', '28070', '(07) 9172 4895', 'land', 1825, 'Instergram'),
(167, 'Hasad', 'Burgess', 'Sapien Consulting', '', 'ipsum.leo@arcu.ca', 'Richards', '86230', '(09) 6593 0531', 'land', 1830, 'Instergram'),
(168, 'Quentin', 'Hess', 'Dui Nec PC', '', 'elementum@Nunclaoreetlectus.net', 'Jenkins', '68717', '(04) 9360 6529', 'land', 1835, 'Instergram'),
(169, 'Hop', 'Fox', 'Velit Aliquam Nisl Institute', '', 'nisi.a@magnaNamligula.co.uk', 'Alston', '44886', '(07) 6422 9418', 'land', 1840, 'Instergram'),
(170, 'Tyler', 'Clayton', 'Eu Lacus Ltd', '', 'elit.pretium@lectus.edu', 'Reed', '54261', '(05) 9974 3201', 'land', 1845, 'Instergram'),
(171, 'Odette', 'Irwin', 'Mollis Lectus Pede Industries', '', 'fringilla@auctorodioa.net', 'Woods', '52000', '(02) 6677 7324', 'land', 1850, 'Instergram'),
(172, 'Amery', 'Ford', 'Senectus Foundation', '', 'sem@Phasellusin.org', 'Watkins', '92757', '(05) 4615 7937', 'land', 1855, 'Instergram'),
(173, 'Winter', 'Butler', 'Ridiculus Industries', '', 'non.nisi@Duisrisusodio.net', 'Baxter', '28716', '(06) 8648 4038', 'land', 1860, 'Instergram'),
(174, 'Kamal', 'Fuentes', 'Phasellus Consulting', '', 'sapien@iaculis.com', 'Colon', '28244', '(08) 5298 9618', 'land', 1865, 'Instergram'),
(175, 'Oliver', 'Burch', 'Consectetuer Ipsum Nunc Consulting', '', 'tortor.Integer.aliquam@convallis.org', 'Mcintyre', '56073', '(01) 0579 8399', 'land', 1870, 'Instergram'),
(176, 'Buckminster', 'Conrad', 'Phasellus At LLP', '', 'volutpat@nonenimcommodo.net', 'Pena', '14155', '(03) 2137 6159', 'land', 1875, 'Instergram'),
(177, 'Nigel', 'Lynn', 'Nec Leo Corporation', '', 'arcu.Vestibulum.ante@turpisvitae.net', 'Dawson', '21865', '(03) 9468 6964', 'land', 1880, 'Instergram'),
(178, 'Curran', 'Vaughan', 'Fringilla Inc.', '', 'tincidunt@Nuncmauris.org', 'Norton', '93527', '(08) 8506 5199', 'land', 1885, 'Facebook'),
(179, 'Bert', 'Goff', 'Accumsan Interdum LLP', '', 'consequat.lectus.sit@Praesent.co.uk', 'Mullen', '35868', '(09) 0865 3383', 'land', 1890, 'Facebook'),
(180, 'Amal', 'Crawford', 'Id Ante Dictum Associates', '', 'ac.risus@tellusNunc.net', 'Mccall', '22268', '(08) 5669 3229', 'land', 1895, 'Facebook'),
(181, 'Kasimir', 'Barrett', 'Diam Proin Consulting', '', 'non.leo@Suspendisse.ca', 'Chapman', '59539', '(05) 3522 2220', 'land', 1900, 'Facebook'),
(182, 'Noah', 'Lara', 'Urna Ut Foundation', '', 'ipsum.Suspendisse@sagittissemperNam.org', 'Sharpe', '60730', '(07) 4959 5999', 'land', 1905, 'Facebook'),
(183, 'Tate', 'Cole', 'Sodales Elit Erat LLC', '', 'eget.magna.Suspendisse@ante.edu', 'Monroe', '13391', '(08) 9431 4226', 'land', 1910, 'Facebook'),
(184, 'Martin', 'Ratliff', 'Iaculis Odio Foundation', '', 'mi.Aliquam.gravida@semmolestiesodales.net', 'Acevedo', '48166', '(08) 3885 6863', 'land', 1915, 'Facebook'),
(185, 'Andrew', 'Gordon', 'Scelerisque Dui Incorporated', '', 'sollicitudin.a.malesuada@mieleifendegestas.org', 'Benson', '48238', '(04) 3153 5352', 'land', 1920, 'Facebook'),
(186, 'Keiko', 'Deleon', 'Mollis Nec Ltd', '', 'lacinia.mattis.Integer@Sedet.com', 'England', '96721', '(01) 9130 1766', 'land', 1925, 'Facebook'),
(187, 'Daquan', 'Neal', 'Ac LLC', '', 'accumsan.convallis@variuseteuismod.ca', 'Guerrero', '7705', '(03) 9268 5071', 'land', 1930, 'Facebook'),
(188, 'Amy', 'Bond', 'Mattis Ornare Lectus Limited', '', 'quis.arcu.vel@velitjusto.net', 'Greene', '44513', '(01) 8277 7037', 'land', 1935, 'Facebook'),
(189, 'Quemby', 'Mcneil', 'Non Corp.', '', 'faucibus.lectus@dictummagnaUt.ca', 'Velasquez', '24127', '(03) 1265 4068', 'land', 1940, 'Facebook'),
(190, 'Uriel', 'Rowland', 'Nunc Quis Arcu Industries', '', 'adipiscing.lobortis@magnaNamligula.edu', 'Howell', '17859', '(03) 2340 6906', 'land', 1945, 'Facebook'),
(191, 'Shelly', 'Sanchez', 'Curabitur Inc.', '', 'fringilla.purus.mauris@Quisqueac.edu', 'Bowman', '52436', '(07) 9829 5186', 'land', 1950, 'Facebook'),
(192, 'Brent', 'Bennett', 'Ligula Industries', '', 'Fusce@sitamet.net', 'Acosta', '90364', '(01) 6478 7354', 'land', 1955, 'Facebook'),
(193, 'Hilda', 'Levy', 'Tristique Consulting', '', 'lacinia@molestie.org', 'Sparks', '16305', '(03) 0901 5959', 'land', 1960, 'Facebook'),
(194, 'Stone', 'Haynes', 'Non LLP', '', 'eu@Vivamuseuismodurna.net', 'Reyes', '82258', '(03) 9747 2244', 'land', 1965, 'Facebook'),
(195, 'Kitra', 'Sexton', 'Laoreet Ipsum Curabitur Consulting', '', 'Integer@volutpatnunc.co.uk', 'Lott', '41365', '(08) 3324 2854', 'land', 1970, 'Facebook'),
(196, 'Sopoline', 'Barron', 'Dignissim Maecenas Ornare Corporation', '', 'eget@Cumsociis.com', 'Graham', '31901', '(03) 9276 6831', 'land', 1975, 'Facebook'),
(197, 'Hadassah', 'Hoover', 'Odio Vel Est LLP', '', 'placerat.orci.lacus@velitSed.org', 'Mcneil', '63705', '(09) 5532 0144', 'land', 1980, 'Facebook'),
(198, 'Graiden', 'Russell', 'Habitant Morbi Company', '', 'luctus.Curabitur@natoque.org', 'Gordon', '7534', '(09) 7228 3129', 'land', 1985, 'Facebook'),
(199, 'Riley', 'Ross', 'Pellentesque Habitant LLC', '', 'Nam.tempor.diam@tortor.net', 'Doyle', '60255', '(04) 3867 2975', 'land', 1990, 'Facebook'),
(200, 'Chanda', 'Browning', 'Donec Vitae Erat LLP', '', 'massa.rutrum@sedliberoProin.edu', 'Mckinney', '33893', '(04) 9404 3124', 'land', 1995, 'Facebook'),
(202, 'Lacy', 'Bernard', 'Nunc Company', '', 'ipsum@lobortisquam.org', 'Mcintosh', '78137', '(08) 0741 9720', 'Music', 1505, 'Youtube'),
(203, 'Arden', 'Baird', 'Amet Consectetuer Associates', '', 'cursus.et.eros@Morbi.net', 'Mullen', '28396', '(04) 1695 6300', 'Music', 1510, 'Youtube'),
(204, 'Nicole', 'Gallagher', 'Arcu Curabitur LLP', '', 'ac@Nullaeget.ca', 'Lott', '32470', '(02) 2753 9152', 'Music', 1515, 'Youtube'),
(205, 'Regan', 'Ball', 'Non Limited', '', 'tempor.diam@Suspendissetristiqueneque.ca', 'Bradford', '94492', '(09) 6704 9086', 'Music', 1520, 'Youtube'),
(206, 'Ariana', 'Shepard', 'Vestibulum Nec Euismod Institute', '', 'in.consectetuer@dolorDonecfringilla.com', 'Poole', '66559', '(08) 2699 0030', 'Music', 1525, 'Youtube'),
(207, 'Thomas', 'Buchanan', 'Ullamcorper Magna Sed Corporation', '', 'nec@augueidante.co.uk', 'Pitts', '92534', '(09) 4388 4773', 'Music', 1530, 'Youtube'),
(208, 'Mannix', 'Wheeler', 'Natoque Penatibus Ltd', '', 'nisl.Quisque@scelerisqueduiSuspendisse.edu', 'Graves', '36414', '(03) 6469 7826', 'Music', 1535, 'Youtube'),
(209, 'Baxter', 'Aguilar', 'Laoreet Libero Et Limited', '', 'Nam.interdum.enim@dolor.ca', 'Russell', '10109', '(05) 6353 6620', 'Music', 1540, 'Youtube'),
(210, 'Zeph', 'Oconnor', 'Semper Foundation', '', 'urna.suscipit@velvenenatisvel.ca', 'Combs', '52362', '(05) 8581 2575', 'Music', 1545, 'Youtube'),
(211, 'Kay', 'Barnett', 'Tempor Lorem Ltd', '', 'dolor@eratSednunc.net', 'Wiggins', '18356', '(08) 0589 8185', 'Music', 1550, 'Youtube'),
(212, 'Jane', 'Woodard', 'Praesent Eu Institute', '', 'tincidunt@FuscefeugiatLorem.edu', 'Whitaker', '62725', '(02) 4165 6782', 'Music', 1555, 'Youtube'),
(213, 'Porter', 'Norman', 'Lorem Semper Limited', '', 'Duis@Cras.net', 'Deleon', '99817', '(02) 3199 6501', 'Music', 1560, 'Youtube'),
(214, 'Caryn', 'Chapman', 'Non Justo Proin Associates', '', 'enim@Nuncsed.ca', 'Solomon', '83254', '(01) 9663 5793', 'Music', 1565, 'Youtube'),
(215, 'Taylor', 'Conway', 'Bibendum Sed Est PC', '', 'tortor.nibh.sit@estMauris.ca', 'Padilla', '33753', '(07) 1779 9281', 'Music', 1570, 'Youtube'),
(216, 'Juliet', 'Ross', 'Faucibus Corporation', '', 'luctus.sit.amet@idanteNunc.net', 'Orr', '33216', '(05) 6538 4199', 'Music', 1575, 'Youtube'),
(217, 'Hannah', 'Marquez', 'Sed Est Corporation', '', 'convallis.ante.lectus@orci.ca', 'Tate', '78765', '(04) 1175 7537', 'Music', 1580, 'Youtube'),
(218, 'Akeem', 'Bentley', 'Suspendisse Tristique Consulting', '', 'dignissim@Quisque.net', 'Mcpherson', '53919', '(09) 4056 4149', 'Music', 1585, 'Youtube'),
(219, 'Luke', 'Osborn', 'Non Leo Consulting', '', 'commodo.auctor@Cum.net', 'Hart', '77470', '(03) 4175 9635', 'Music', 1590, 'Youtube'),
(220, 'Orlando', 'Mason', 'Lacus Ut Nec Corp.', '', 'mauris@facilisiSed.co.uk', 'Cox', '54999', '(01) 2854 8729', 'Music', 1595, 'Youtube'),
(221, 'Nathan', 'Campbell', 'Magna A Incorporated', '', 'cubilia@netus.edu', 'Holder', '32566', '(04) 7321 3365', 'Music', 1600, 'Youtube'),
(222, 'Kerry', 'Duran', 'Hendrerit Corporation', '', 'In@arcuSedeu.edu', 'Carey', '7473', '(02) 9537 5153', 'Education', 1605, 'Youtube'),
(223, 'Lucas', 'Beck', 'Per Foundation', '', 'sagittis.placerat.Cras@mauriseuelit.com', 'Nguyen', '30779', '(01) 1852 1180', 'Education', 1610, 'Youtube'),
(224, 'Joseph', 'Soto', 'Cursus Diam Ltd', '', 'nascetur.ridiculus@duisemper.ca', 'Wells', '80377', '(06) 8398 1293', 'Education', 1615, 'Youtube'),
(225, 'Latifah', 'Mills', 'Aliquam Limited', '', 'lacus@Vivamusmolestie.edu', 'Christian', '15724', '(07) 0438 5451', 'Education', 1620, 'Youtube'),
(226, 'Darryl', 'Fisher', 'Mauris Magna Duis PC', '', 'mauris.sit@purusMaecenaslibero.ca', 'Hale', '10804', '(05) 9149 2368', 'Education', 1625, 'Youtube'),
(227, 'Victoria', 'Mcintyre', 'Vivamus Rhoncus Donec Incorporated', '', 'velit.justo.nec@venenatisvelfaucibus.com', 'Jones', '25168', '(09) 2240 0575', 'Education', 1630, 'Youtube'),
(228, 'Roth', 'Long', 'Nascetur Ridiculus Ltd', '', 'amet@Donec.com', 'Torres', '10330', '(07) 8367 7311', 'Education', 1635, 'Youtube'),
(229, 'Keely', 'Zimmerman', 'A Odio PC', '', 'Phasellus.elit@neceleifend.com', 'Hughes', '80735', '(08) 2971 2911', 'Education', 1640, 'Youtube'),
(230, 'Tallulah', 'Duncan', 'Arcu Inc.', '', 'ipsum.Phasellus@velitQuisque.org', 'Morton', '22405', '(07) 0517 0499', 'Education', 1645, 'Youtube'),
(231, 'Nita', 'Richardson', 'Lectus Limited', '', 'hendrerit.a@Etiamlaoreet.org', 'Lawrence', '53418', '(07) 4317 4988', 'Education', 1650, 'Youtube'),
(232, 'Mary', 'Burns', 'Feugiat Placerat Velit Incorporated', '', 'Praesent.luctus.Curabitur@estmollis.ca', 'Le', '68278', '(08) 5134 1546', 'Education', 1655, 'Instergram'),
(233, 'Ifeoma', 'Mccoy', 'Elit Fermentum Risus PC', '', 'nec@aliquetmolestie.net', 'Berger', '61057', '(07) 5950 1716', 'Education', 1660, 'Instergram'),
(234, 'Jayme', 'Aguirre', 'Accumsan Ltd', '', 'metus@Duis.net', 'Roberson', '20273', '(08) 4462 3502', 'Education', 1665, 'Instergram'),
(235, 'Zachery', 'Shannon', 'Facilisis Magna LLP', '', 'massa@Donecest.net', 'Dixon', '78292', '(08) 0334 1190', 'Education', 1670, 'Instergram'),
(236, 'Walker', 'Brooks', 'Mi Lacinia Ltd', '', 'Duis.volutpat@scelerisque.org', 'Savage', '20432', '(01) 4725 5132', 'Education', 1675, 'Instergram'),
(237, 'Zorita', 'Jimenez', 'Erat Nonummy Ultricies Institute', '', 'ipsum@ut.org', 'Hatfield', '84627', '(07) 6346 6876', 'Education', 1680, 'Instergram'),
(238, 'Josiah', 'Valenzuela', 'Non Arcu LLC', '', 'luctus.aliquet.odio@adipiscinglobortisrisus.net', 'Ross', '85053', '(04) 3024 8290', 'Education', 1685, 'Instergram'),
(239, 'Deacon', 'Beach', 'Enim Mauris Foundation', '', 'vehicula@facilisi.org', 'Barrett', '32061', '(07) 5435 5868', 'Education', 1690, 'Instergram'),
(240, 'Emma', 'Bolton', 'Cursus Diam Foundation', '', 'varius.orci@lectus.co.uk', 'Lowery', '82102', '(07) 3395 9144', 'Education', 1695, 'Instergram'),
(241, 'Mara', 'Mueller', 'Nunc Sed Industries', '', 'eu@Proin.org', 'Dorsey', '34539', '(07) 1265 9619', 'Education', 1700, 'Instergram'),
(242, 'Denise', 'Stephenson', 'Mi Eleifend Egestas Limited', '', 'feugiat.placerat.velit@dolor.org', 'Maldonado', '11051', '(02) 4594 7026', 'Education', 1705, 'Instergram'),
(243, 'Grace', 'Buckley', 'Faucibus Lectus Incorporated', '', 'a.felis@adipiscing.co.uk', 'Bailey', '96681', '(05) 3001 9680', 'Education', 1710, 'Instergram'),
(244, 'Raphael', 'Leach', 'Vitae Odio LLC', '', 'litora.torquent.per@diamProin.com', 'House', '76969', '(04) 1973 0970', 'Education', 1715, 'Instergram'),
(245, 'Rashad', 'Sexton', 'Magna Sed LLP', '', 'Integer@egestasligula.net', 'Jacobson', '54955', '(02) 9792 2798', 'Education', 1720, 'Instergram'),
(246, 'Yael', 'Livingston', 'Sed LLC', '', 'eu@urna.net', 'Harris', '12813', '(03) 6942 4793', 'Education', 1725, 'Instergram'),
(247, 'Plato', 'Grimes', 'Velit Pellentesque Institute', '', 'lorem.vitae.odio@Ut.ca', 'Noel', '73285', '(03) 8134 2039', 'Education', 1730, 'Instergram'),
(248, 'Dalton', 'Solomon', 'Aliquam Iaculis Company', '', 'tempus.lorem@fermentumrisus.ca', 'Huffman', '62416', '(09) 9764 6353', 'Education', 1735, 'Instergram'),
(249, 'Julie', 'Jimenez', 'Maecenas Ornare Limited', '', 'sapien.Nunc@odio.edu', 'Sheppard', '1685', '(06) 4383 5486', 'Education', 1740, 'Instergram'),
(250, 'Cheyenne', 'Norton', 'Orci Quis Lectus Company', '', 'Morbi.sit.amet@mauris.ca', 'Medina', '75792', '(01) 1702 4657', 'Education', 1745, 'Instergram'),
(251, 'Adara', 'Mccarty', 'Dapibus Rutrum Justo Corp.', '', 'semper.pretium.neque@nunc.com', 'Hodge', '66164', '(06) 6384 2436', 'Education', 1750, 'Instergram'),
(252, 'Aladdin', 'Walter', 'Ligula Nullam PC', '', 'sem@amagnaLorem.org', 'Barr', '98488', '(01) 4798 1133', 'Education', 1755, 'Instergram'),
(253, 'Brandon', 'Rogers', 'Dui Nec Company', '', 'posuere@sed.co.uk', 'Curry', '56400', '(09) 8337 5278', 'Education', 1760, 'Instergram'),
(254, 'Quamar', 'Pratt', 'Sed Nec Metus Company', '', 'dignissim.lacus.Aliquam@Vivamusrhoncus.co.uk', 'Bennett', '98919', '(04) 5308 3617', 'Education', 1765, 'Instergram'),
(255, 'Jade', 'Cameron', 'Phasellus Fermentum Convallis LLP', '', 'lacus.Quisque.purus@lacusMaurisnon.org', 'Davidson', '65356', '(09) 0578 4192', 'Education', 1770, 'Instergram'),
(256, 'Rahim', 'Flowers', 'Lacus LLC', '', 'urna.et.arcu@necleoMorbi.com', 'Hoover', '11568', '(03) 3180 9686', 'Education', 1775, 'Instergram'),
(257, 'Vivian', 'Stokes', 'Ullamcorper Duis Cursus Institute', '', 'diam.dictum@aliquetliberoInteger.net', 'Witt', '44922', '(03) 6748 2698', 'Education', 1780, 'Instergram'),
(258, 'Gage', 'Shelton', 'Non Feugiat Nec Corp.', '', 'quam.dignissim.pharetra@sagittisfelis.org', 'Keith', '72106', '(08) 2947 8759', 'Education', 1785, 'Instergram'),
(259, 'Kyle', 'Smith', 'Donec Est Mauris Corporation', '', 'sed.dictum@tinciduntadipiscingMauris.net', 'Warner', '14854', '(01) 8191 7798', 'Education', 1790, 'Instergram'),
(260, 'Clayton', 'Soto', 'Ullamcorper Institute', '', 'Aliquam.auctor@ullamcorper.co.uk', 'Nicholson', '34254', '(06) 1714 6576', 'Education', 1795, 'Instergram'),
(261, 'Hoyt', 'Melton', 'Ut Nisi Industries', '', 'eros.turpis.non@eleifendCrassed.edu', 'Morrison', '89815', '(07) 1317 0121', 'Education', 1800, 'Instergram'),
(262, 'Beau', 'Whitfield', 'Vitae LLC', '', 'Donec.est@facilisis.co.uk', 'Mcintyre', '84578', '(02) 7714 5741', 'Education', 1805, 'Instergram'),
(263, 'Raja', 'Allen', 'Turpis In Limited', '', 'Donec.est.mauris@auctornunc.ca', 'Landry', '23799', '(05) 1129 4674', 'Education', 1810, 'Instergram'),
(264, 'Fiona', 'Horne', 'Luctus Curabitur Ltd', '', 'aliquam@Proinvel.com', 'Conrad', '61878', '(06) 6953 5192', 'Entertainment', 1815, 'Instergram'),
(265, 'Benjamin', 'Dillard', 'Odio Vel Est PC', '', 'dictum@semperpretiumneque.com', 'Emerson', '83154', '(02) 2089 6227', 'Entertainment', 1820, 'Instergram'),
(266, 'Rina', 'Bonner', 'Phasellus Elit Pede Foundation', '', 'Fusce.mollis@diamSed.ca', 'Bates', '51986', '(05) 2671 9611', 'Entertainment', 1825, 'Instergram'),
(267, 'Chancellor', 'Dalton', 'Adipiscing Incorporated', '', 'fermentum@necmollis.co.uk', 'Hickman', '72917', '(07) 1160 8289', 'Entertainment', 1830, 'Facebook'),
(268, 'Alisa', 'Hurst', 'Congue A Aliquet LLC', '', 'semper@at.edu', 'Larson', '85989', '(03) 1015 7166', 'Entertainment', 1835, 'Facebook'),
(269, 'Berk', 'Bullock', 'Molestie Dapibus LLC', '', 'Proin.non@tinciduntcongue.co.uk', 'Prince', '5411', '(01) 7470 5669', 'Entertainment', 1840, 'Facebook'),
(270, 'Stacey', 'King', 'Sed Limited', '', 'montes.nascetur@Donecvitaeerat.com', 'Henson', '32456', '(05) 0870 6564', 'Entertainment', 1845, 'Facebook'),
(271, 'Jennifer', 'Young', 'Magna Nam Limited', '', 'Donec@pharetra.co.uk', 'Waller', '12071', '(03) 2807 0009', 'Entertainment', 1850, 'Facebook'),
(272, 'Jada', 'Macias', 'Bibendum Fermentum Metus Company', '', 'lacus.varius.et@pellentesqueeget.net', 'Henderson', '84206', '(06) 0035 6094', 'Entertainment', 1855, 'Facebook'),
(273, 'Gretchen', 'Cardenas', 'Ac Tellus Suspendisse LLP', '', 'In@egetvenenatis.edu', 'Mason', '38090', '(07) 8241 0535', 'Entertainment', 1860, 'Facebook'),
(274, 'Dominic', 'Benjamin', 'Massa Suspendisse Company', '', 'magna.Suspendisse@enimSednulla.org', 'Graham', '3782', '(08) 5497 7280', 'Entertainment', 1865, 'Facebook'),
(275, 'Illiana', 'Mercer', 'Odio Vel Foundation', '', 'interdum.feugiat@Donecelementum.com', 'Moody', '11867', '(09) 8983 8216', 'Entertainment', 1870, 'Facebook'),
(276, 'Grant', 'Sellers', 'Donec Egestas Consulting', '', 'eu.dolor@sedfacilisis.com', 'Mcclure', '37317', '(03) 0082 4549', 'Entertainment', 1875, 'Facebook'),
(277, 'Kameko', 'Bean', 'Sit Amet Risus Incorporated', '', 'morbi.tristique.senectus@etnetus.net', 'Obrien', '73143', '(05) 1238 5344', 'Entertainment', 1880, 'Facebook'),
(278, 'Ezekiel', 'Fitzgerald', 'Risus Associates', '', 'condimentum@dolorQuisque.net', 'Shields', '35836', '(04) 2480 2805', 'Entertainment', 1885, 'Facebook'),
(279, 'Dale', 'Ruiz', 'Elit Associates', '', 'purus@ultricesposuere.com', 'Johnson', '8077', '(05) 5258 9313', 'Entertainment', 1890, 'Facebook'),
(280, 'Claudia', 'Hurst', 'Metus Inc.', '', 'nec.ligula.consectetuer@auctor.co.uk', 'Mccormick', '82863', '(09) 5694 2480', 'Entertainment', 1895, 'Facebook'),
(281, 'Amy', 'Newton', 'Luctus LLP', '', 'nunc.nulla@semutdolor.org', 'Dudley', '98181', '(08) 1806 3057', 'Entertainment', 1900, 'Facebook'),
(282, 'Amery', 'Harper', 'Mauris Elit Dictum Consulting', '', 'Curabitur.dictum.Phasellus@Curabiturut.co.uk', 'Booker', '1100', '(05) 4764 9788', 'Entertainment', 1905, 'Facebook'),
(283, 'Claire', 'Jenkins', 'Dolor Nonummy Ac Ltd', '', 'Suspendisse.aliquet.molestie@nonummy.co.uk', 'Munoz', '90552', '(01) 9248 4427', 'Entertainment', 1910, 'Facebook'),
(284, 'Sylvia', 'Ellis', 'Magna Sed Dui Foundation', '', 'dui@convallisconvallisdolor.org', 'Mccray', '47131', '(07) 9018 0673', 'Entertainment', 1915, 'Facebook'),
(285, 'Robert', 'Webster', 'Nulla Aliquet Consulting', '', 'orci.lobortis@aultricies.edu', 'Hyde', '63808', '(08) 4448 3337', 'Entertainment', 1920, 'Facebook'),
(286, 'September', 'Arnold', 'Morbi Quis Urna Industries', '', 'lorem.vitae.odio@commodo.com', 'Scott', '89182', '(02) 3787 4432', 'Entertainment', 1925, 'Facebook'),
(287, 'Lyle', 'Berger', 'Ante Ipsum Consulting', '', 'nonummy@odioauctor.com', 'Burke', '14174', '(05) 9321 3778', 'Entertainment', 1930, 'Facebook'),
(288, 'Nathan', 'Knox', 'Auctor Ullamcorper Company', '', 'est.Nunc.ullamcorper@facilisisfacilisis.org', 'Caldwell', '75755', '(02) 8436 6457', 'Entertainment', 1935, 'Facebook'),
(289, 'Mason', 'Reyes', 'Cras Lorem Associates', '', 'varius.Nam.porttitor@nequeseddictum.edu', 'Dixon', '24898', '(03) 7401 1998', 'Entertainment', 1940, 'Facebook'),
(290, 'Vance', 'Rice', 'In Lorem Incorporated', '', 'nulla.ante@justoeu.org', 'Steele', '49078', '(06) 3613 3055', 'Entertainment', 1945, 'Facebook'),
(291, 'Sonya', 'Lewis', 'Velit Corporation', '', 'id.nunc.interdum@rutrum.org', 'Guzman', '34450', '(05) 3757 7631', 'Entertainment', 1950, 'Facebook'),
(292, 'Joan', 'Cook', 'Tellus Non Incorporated', '', 'magna.malesuada.vel@Namac.org', 'Kline', '50588', '(07) 9253 6160', 'Entertainment', 1955, 'Facebook'),
(293, 'Neve', 'Kennedy', 'Gravida Sit Inc.', '', 'natoque.penatibus@non.co.uk', 'Mclean', '81414', '(01) 4972 9295', 'Entertainment', 1960, 'Facebook'),
(294, 'Melissa', 'Wilkins', 'Elit Limited', '', 'elit.Nulla.facilisi@facilisislorem.edu', 'Hunt', '5403', '(09) 5747 3316', 'Entertainment', 1965, 'Facebook'),
(295, 'Miranda', 'Burgess', 'Rutrum LLC', '', 'Morbi.metus@dolorsit.net', 'Wyatt', '86925', '(09) 9104 3173', 'Entertainment', 1970, 'Facebook'),
(296, 'Miranda', 'Galloway', 'Sollicitudin Corporation', '', 'faucibus@tincidunt.com', 'Pope', '42448', '(09) 8691 1234', 'Entertainment', 1975, 'Facebook'),
(297, 'Lara', 'Murphy', 'Turpis Incorporated', '', 'magnis.dis.parturient@acturpisegestas.net', 'Everett', '71585', '(06) 5248 9865', 'Entertainment', 1980, 'Facebook'),
(298, 'Carly', 'Mayer', 'In Consectetuer Ipsum Inc.', '', 'erat.in.consectetuer@Crasdictumultricies.ca', 'Reed', '77993', '(01) 0414 9078', 'Entertainment', 1985, 'Facebook'),
(299, 'Jasper', 'Simon', 'Amet Corporation', '', 'laoreet.ipsum@dolor.edu', 'Bartlett', '67606', '(03) 9999 7978', 'Entertainment', 1990, 'Facebook'),
(300, 'Alexander', 'Vance', 'Accumsan PC', '', 'fermentum.metus.Aenean@scelerisquelorem.co.uk', 'Santiago', '3026', '(02) 5457 1903', 'Entertainment', 1995, 'Facebook'),
(302, 'Jessamine', 'Tanner', 'Nulla Foundation', '', 'et.malesuada.fames@interdum.edu', 'Hancock', '13812', '(05) 1136 2453', 'Indigo Guerra', 1505, 'Facebook'),
(303, 'Heidi', 'Allison', 'Vivamus Molestie Dapibus Inc.', '', 'ullamcorper.Duis.at@erosnectellus.net', 'Joseph', '26617', '(05) 7661 8135', 'Wyatt Swanson', 1510, 'Facebook'),
(304, 'Naomi', 'Robbins', 'Magna A Neque Limited', '', 'Phasellus.fermentum.convallis@variuseteuismod.ca', 'Christian', '18165', '(02) 8987 4579', 'Julian Mclaughlin', 1515, 'Facebook'),
(305, 'Arden', 'Morgan', 'Sit Amet Dapibus Company', '', 'in@diam.com', 'Garcia', '67566', '(08) 2955 2459', 'Hyacinth Solomon', 1520, 'Facebook'),
(306, 'Olympia', 'Frost', 'Neque Limited', '', 'ridiculus@egestaslaciniaSed.edu', 'Johns', '54592', '(05) 2360 1702', 'Axel Dennis', 1525, 'Facebook'),
(307, 'Marah', 'Conley', 'Sed Dolor PC', '', 'a@eros.com', 'Mathis', '76844', '(03) 3164 3590', 'Macey Sharp', 1530, 'Facebook'),
(308, 'Tanner', 'Rhodes', 'Faucibus Id Libero Industries', '', 'luctus.Curabitur.egestas@duiCum.ca', 'Vang', '71490', '(03) 6659 7398', 'Basil Mccoy', 1535, 'Facebook'),
(309, 'Cole', 'Davidson', 'Dapibus Inc.', '', 'Cum@nonbibendum.co.uk', 'Whitfield', '33196', '(07) 6385 7673', 'Kameko Browning', 1540, 'Facebook'),
(310, 'Quinn', 'Frazier', 'Varius Institute', '', 'cursus@arcuac.net', 'Hart', '74298', '(06) 6401 2017', 'Colorado Galloway', 1545, 'Facebook'),
(311, 'Oscar', 'Owen', 'Arcu Sed LLP', '', 'massa.Integer.vitae@Proin.net', 'Mccullough', '30807', '(07) 3587 5957', 'Oliver Rice', 1550, 'Facebook'),
(312, 'Conan', 'Mullen', 'Lorem Ipsum Institute', '', 'ac.mi.eleifend@aliquam.com', 'Blankenship', '73384', '(09) 9702 0743', 'Hilel Schroeder', 1555, 'Facebook'),
(313, 'Kaseem', 'Bruce', 'Facilisis Facilisis Magna Industries', '', 'pede.ultrices.a@interdumenim.net', 'Wheeler', '11961', '(04) 3046 3825', 'Colton Stanley', 1560, 'Facebook'),
(314, 'Rosalyn', 'Kerr', 'Vitae Erat Vivamus Corp.', '', 'Aenean@aliquet.co.uk', 'Randolph', '14403', '(06) 3872 9674', 'Maia Yates', 1565, 'Facebook'),
(315, 'Kelsey', 'Bernard', 'Ipsum Dolor Sit Associates', '', 'Proin.vel.nisl@commodohendreritDonec.org', 'Wells', '60421', '(08) 2543 9907', 'Roary Chase', 1570, 'Facebook'),
(316, 'Teagan', 'Ferguson', 'In LLC', '', 'non.sapien@suscipitest.net', 'James', '87058', '(07) 1146 0004', 'Janna Fischer', 1575, 'Facebook'),
(317, 'Lyle', 'Kerr', 'Lectus Consulting', '', 'cursus.Nunc@vitae.net', 'Collins', '8621', '(04) 7793 3473', 'Elvis Dunlap', 1580, 'Facebook'),
(318, 'Flynn', 'Gallegos', 'Phasellus Ornare Fusce Corp.', '', 'nisl.arcu.iaculis@justo.ca', 'Poole', '80711', '(07) 0709 1932', 'Haley Moore', 1585, 'Facebook'),
(319, 'Brynn', 'Daniel', 'Duis Risus Limited', '', 'ante.dictum@velarcu.net', 'Gregory', '94629', '(02) 8237 1336', 'Echo Dalton', 1590, 'Facebook'),
(320, 'Timothy', 'Miles', 'Fringilla Purus Consulting', '', 'cursus@estmollis.org', 'Joyner', '65628', '(09) 1427 3707', 'Bevis Garrison', 1595, 'Facebook'),
(321, 'Rooney', 'Holland', 'Imperdiet Corp.', '', 'arcu.iaculis@Maurisnulla.co.uk', 'Kane', '56443', '(04) 3639 5834', 'Shaeleigh Leach', 1600, 'Facebook'),
(322, 'Ivy', 'Alvarado', 'Dictum Industries', '', 'Duis@Suspendissecommodo.com', 'Marshall', '18188', '(06) 5446 4411', 'Yoshi Mcmahon', 1605, 'Facebook'),
(323, 'Belle', 'Knapp', 'Dolor Associates', '', 'orci.tincidunt@eleifend.org', 'Mckay', '66437', '(05) 6800 1374', 'Montana Perkins', 1610, 'Facebook'),
(324, 'Ashton', 'Kirby', 'Rhoncus Proin LLC', '', 'nec@ligulaNullam.com', 'Wiggins', '55015', '(04) 1906 1983', 'Keely Watson', 1615, 'Facebook'),
(325, 'Nicole', 'Gregory', 'Sit Inc.', '', 'Nullam.ut@egetvolutpat.com', 'Ayers', '88479', '(01) 0326 5906', 'Dominic Patterson', 1620, 'Facebook'),
(326, 'Lucius', 'Rosa', 'Nisi Mauris Nulla LLC', '', 'elit@Nam.com', 'Ross', '4404', '(04) 6896 1325', 'Abraham Rasmussen', 1625, 'Facebook'),
(327, 'Kasimir', 'Garza', 'Lectus Quis Corporation', '', 'quam@eueleifendnec.ca', 'Barron', '97770', '(04) 8098 9977', 'Phillip Benjamin', 1630, 'Facebook'),
(328, 'Dalton', 'Benson', 'Ornare LLC', '', 'pede@nequetellus.edu', 'Downs', '48221', '(03) 8466 7375', 'Calista Salazar', 1635, 'Facebook'),
(329, 'Bradley', 'Compton', 'Quam Pellentesque Habitant Incorporated', '', 'Quisque@egestaslaciniaSed.com', 'Bell', '61569', '(05) 9677 2451', 'Nathan Marks', 1640, 'Facebook'),
(330, 'Brenda', 'Cabrera', 'Nunc Sed Libero Limited', '', 'Suspendisse.non@quamvelsapien.ca', 'Ewing', '82077', '(04) 2628 9808', 'September Alford', 1645, 'Facebook'),
(331, 'Honorato', 'Winters', 'Convallis LLP', '', 'tellus.sem@tincidunt.co.uk', 'Haney', '57026', '(06) 1593 3801', 'Hedda Fletcher', 1650, 'Facebook'),
(332, 'Micah', 'Park', 'Et Euismod Institute', '', 'dolor@ametanteVivamus.ca', 'Mack', '36789', '(02) 4474 9679', 'Herman Moss', 1655, 'Facebook'),
(333, 'Lucius', 'Sheppard', 'Duis Mi Enim LLP', '', 'orci.quis.lectus@atauctor.net', 'Shelton', '21052', '(07) 9601 1042', 'Grant Chen', 1660, 'Facebook'),
(334, 'Sheila', 'Jennings', 'Sit Incorporated', '', 'metus@Vivamusmolestie.co.uk', 'Orr', '57374', '(06) 7261 8572', 'Clarke Bird', 1665, 'Facebook'),
(335, 'Carla', 'Newman', 'Eget Magna Institute', '', 'lobortis.quis@hymenaeosMaurisut.org', 'Alexander', '89731', '(05) 5891 2877', 'Cooper Long', 1670, 'Facebook'),
(336, 'Christen', 'Carrillo', 'Condimentum Donec At Company', '', 'sagittis@adipiscing.ca', 'England', '51382', '(02) 9600 3735', 'Tyrone Simmons', 1675, 'Facebook'),
(337, 'Barrett', 'Bruce', 'Velit Institute', '', 'velit@Nullafacilisi.ca', 'Carlson', '78625', '(02) 8303 9895', 'Rajah Valdez', 1680, 'Facebook'),
(338, 'Jerry', 'Price', 'Sed LLC', '', 'urna.convallis.erat@sitametrisus.org', 'Larson', '78967', '(04) 5016 0208', 'Aphrodite Gonzalez', 1685, 'Facebook'),
(339, 'Deborah', 'Stephens', 'Iaculis Enim Consulting', '', 'vestibulum.nec.euismod@semperdui.org', 'Pitts', '95776', '(08) 1667 1983', 'Noble Greene', 1690, 'Facebook'),
(340, 'Yvonne', 'Avery', 'Nibh Consulting', '', 'metus@Integer.org', 'Lewis', '46785', '(03) 1932 0883', 'Octavius Nash', 1695, 'Instergram'),
(341, 'Lillian', 'Burch', 'Tristique Limited', '', 'ac.arcu.Nunc@utlacus.ca', 'Monroe', '84461', '(01) 9148 5232', 'Porter Bolton', 1700, 'Instergram'),
(342, 'Rudyard', 'Giles', 'Pharetra Nam Ac LLP', '', 'elit@adui.com', 'Walters', '5561', '(02) 5445 5527', 'Mariko Hickman', 1705, 'Instergram'),
(343, 'Lester', 'Evans', 'Mi Industries', '', 'Donec.consectetuer.mauris@convallisantelectus.org', 'Sutton', '47886', '(08) 3074 8625', 'Thomas Moran', 1710, 'Instergram'),
(344, 'Alisa', 'Holmes', 'Malesuada Limited', '', 'at.fringilla.purus@temporaugue.edu', 'Mclean', '6768', '(04) 5776 3271', 'Lewis Bartlett', 1715, 'Instergram'),
(345, 'Nigel', 'Lowery', 'Nec Tempus LLP', '', 'eu@Duis.co.uk', 'Gutierrez', '64373', '(02) 6413 2963', 'Kiayada Crane', 1720, 'Instergram'),
(346, 'Jamalia', 'Bennett', 'Enim Industries', '', 'eget@Nulla.ca', 'Moon', '66877', '(07) 8141 2451', 'Flynn Mendez', 1725, 'Instergram'),
(347, 'Sara', 'Cleveland', 'Suspendisse Non Company', '', 'Quisque@tristiqueac.edu', 'Simmons', '41037', '(01) 1477 1430', 'Vera Campos', 1730, 'Instergram'),
(348, 'Kennan', 'Johns', 'Fermentum Inc.', '', 'Integer.mollis.Integer@arcuimperdietullamcorper.com', 'Humphrey', '75968', '(04) 9894 8883', 'Noel Russell', 1735, 'Instergram'),
(349, 'Roth', 'Merrill', 'Magna Praesent Interdum Corporation', '', 'eleifend.egestas@purus.ca', 'Neal', '13697', '(09) 6966 4746', 'Imelda Young', 1740, 'Instergram'),
(350, 'Randall', 'Gordon', 'Sem Ut Cursus Company', '', 'commodo.tincidunt@nectellusNunc.co.uk', 'Brooks', '50105', '(08) 3830 4477', 'Graiden Prince', 1745, 'Instergram'),
(351, 'Nita', 'Salazar', 'Ut Odio LLC', '', 'Aliquam.erat.volutpat@eu.ca', 'Miranda', '57321', '(09) 7822 9087', 'Nathaniel Atkins', 1750, 'Instergram');
INSERT INTO `register` (`id`, `fname`, `lname`, `page`, `page_url`, `email`, `username`, `password`, `phone`, `category`, `price`, `platform`) VALUES
(352, 'Wynne', 'Singleton', 'Sodales Mauris Inc.', '', 'ultrices.a.auctor@Nullamlobortisquam.edu', 'Bender', '62406', '(03) 8594 5185', 'Montana Hicks', 1755, 'Instergram'),
(353, 'Kimberley', 'Kramer', 'Nam Interdum Inc.', '', 'Ut.sagittis.lobortis@scelerisquesedsapien.com', 'Flowers', '2302', '(07) 7722 2812', 'Stacy Hooper', 1760, 'Instergram'),
(354, 'Keefe', 'Ware', 'Ac Consulting', '', 'Cras.dictum.ultricies@eu.org', 'Kline', '6723', '(01) 8033 3696', 'Wendy Carter', 1765, 'Instergram'),
(355, 'MacKensie', 'Huff', 'Mus Incorporated', '', 'a@Nullamnisl.com', 'Frye', '55059', '(08) 9080 0365', 'Clare Sharp', 1770, 'Instergram'),
(356, 'Alexis', 'Wells', 'Dignissim Lacus PC', '', 'vel@dapibus.edu', 'Eaton', '12813', '(09) 9515 5039', 'Cyrus Olson', 1775, 'Instergram'),
(357, 'Evangeline', 'Logan', 'Sed Dictum Limited', '', 'orci@tristiqueac.org', 'Obrien', '12506', '(09) 3592 2061', 'Portia Beach', 1780, 'Instergram'),
(358, 'Vernon', 'Farrell', 'Et Rutrum Industries', '', 'magna.tellus.faucibus@convallis.co.uk', 'Higgins', '79576', '(06) 7672 0918', 'Charles Oneal', 1785, 'Instergram'),
(359, 'Dawn', 'Rice', 'Nunc Incorporated', '', 'iaculis.enim.sit@aliquet.ca', 'Pratt', '74891', '(02) 8959 9255', 'Damon Church', 1790, 'Instergram'),
(360, 'Hilary', 'Bright', 'Et Magnis Associates', '', 'et.commodo@feugiatnec.co.uk', 'Good', '84936', '(03) 7546 8401', 'Sopoline Holland', 1795, 'Instergram'),
(361, 'Cheyenne', 'Odom', 'Fames LLP', '', 'facilisis.Suspendisse@Maurisblanditenim.ca', 'Small', '11302', '(07) 6525 2549', 'Judith Weaver', 1800, 'Instergram'),
(362, 'Porter', 'Hicks', 'Eget Corporation', '', 'sapien@ridiculusmus.net', 'Middleton', '72810', '(01) 6237 0931', 'Jaime Burris', 1805, 'Instergram'),
(363, 'Rama', 'Riddle', 'Vehicula LLP', '', 'aliquam.eu@sed.com', 'Black', '73862', '(03) 7815 7234', 'Dean Kidd', 1810, 'Instergram'),
(364, 'Melyssa', 'Raymond', 'Nisl Quisque Fringilla Ltd', '', 'at.augue.id@tortor.org', 'Fowler', '28726', '(01) 0261 6743', 'Zenia Reyes', 1815, 'Instergram'),
(365, 'Bo', 'Hawkins', 'Non Luctus LLP', '', 'vitae.aliquam.eros@anteipsumprimis.net', 'Cooper', '9718', '(08) 2074 0297', 'Ella Puckett', 1820, 'Instergram'),
(366, 'Wang', 'Lane', 'Mollis LLC', '', 'eget.tincidunt.dui@mollislectuspede.edu', 'Potts', '59346', '(08) 9971 2858', 'Rachel Frederick', 1825, 'Instergram'),
(367, 'Garrison', 'Robertson', 'Ligula Inc.', '', 'at@est.edu', 'Giles', '20955', '(09) 5394 4887', 'Kiayada Hewitt', 1830, 'Instergram'),
(368, 'Melissa', 'Velez', 'A LLC', '', 'eu.ultrices@elitelit.org', 'Merritt', '76341', '(09) 6563 7569', 'Victor Lowe', 1835, 'Instergram'),
(369, 'Finn', 'Downs', 'Phasellus LLP', '', 'et.malesuada.fames@arcuVestibulumante.org', 'Delgado', '81252', '(01) 3838 7825', 'August Maynard', 1840, 'Instergram'),
(370, 'Shad', 'Poole', 'Torquent Per Associates', '', 'Aliquam.fringilla.cursus@Crasdolor.net', 'Boyer', '70131', '(07) 7774 9218', 'Dolan Mccullough', 1845, 'Instergram'),
(371, 'Kelly', 'Mcbride', 'Mauris Corp.', '', 'Vivamus.rhoncus@Classaptenttaciti.edu', 'Harris', '53023', '(07) 3588 9233', 'Wing Pierce', 1850, 'Instergram'),
(372, 'Griffith', 'Houston', 'Vitae Company', '', 'aliquam@cursusluctus.ca', 'Mendez', '60957', '(06) 5757 5751', 'Lionel Vargas', 1855, 'Instergram'),
(373, 'Sybill', 'Acevedo', 'Fermentum Risus At Foundation', '', 'at.pede@fermentum.co.uk', 'Ellison', '83664', '(08) 4473 2053', 'Ashely Stark', 1860, 'Instergram'),
(374, 'Petra', 'Phillips', 'Tincidunt Tempus Ltd', '', 'amet.lorem@etrutrum.net', 'Kennedy', '175', '(07) 6345 5373', 'Roth Evans', 1865, 'Instergram'),
(375, 'Jackson', 'Sanders', 'Maecenas Mi Company', '', 'vulputate.risus@Utsagittis.com', 'Harper', '12331', '(01) 0472 8210', 'Jaquelyn Calderon', 1870, 'Instergram'),
(376, 'Farrah', 'Ross', 'Phasellus Nulla Integer Incorporated', '', 'diam.Pellentesque.habitant@Namligulaelit.edu', 'Lamb', '2195', '(07) 9358 2202', 'Elmo Perez', 1875, 'Instergram'),
(377, 'Arden', 'Dennis', 'Ante Limited', '', 'mauris.Integer@sapienmolestieorci.edu', 'Peck', '45981', '(05) 4993 7843', 'Ivor Gallegos', 1880, 'Instergram'),
(378, 'Risa', 'Bernard', 'Eu Arcu Morbi Industries', '', 'eu@vitae.com', 'Rose', '43411', '(03) 9046 5602', 'Kaden Snyder', 1885, 'Instergram'),
(379, 'Urielle', 'Mcleod', 'Luctus Ut Associates', '', 'dolor@laoreetlectus.edu', 'Mclaughlin', '19646', '(01) 3272 5964', 'Edan Barnes', 1890, 'Instergram'),
(380, 'Lani', 'Byrd', 'Phasellus Elit Corporation', '', 'Integer@diamSeddiam.ca', 'Ward', '97406', '(07) 6943 7581', 'Vaughan Sheppard', 1895, 'Instergram'),
(381, 'Cooper', 'Cortez', 'Dignissim Ltd', '', 'eu@nonenim.ca', 'Stone', '2437', '(04) 4819 3761', 'Lawrence Ratliff', 1900, 'Instergram'),
(382, 'Garth', 'Shepherd', 'Curae; Donec Inc.', '', 'dictum.magna.Ut@netusetmalesuada.co.uk', 'Kaufman', '80828', '(04) 1463 1708', 'Rylee Harrell', 1905, 'Instergram'),
(383, 'Winter', 'Terrell', 'Nulla Interdum PC', '', 'Vestibulum@risusDonecegestas.ca', 'Serrano', '24497', '(09) 8985 1614', 'Tarik Roberts', 1910, 'Instergram'),
(384, 'Joy', 'Kidd', 'Parturient Montes Nascetur Associates', '', 'tempor.arcu@nequevenenatislacus.ca', 'Knapp', '47854', '(03) 7051 9984', 'Connor Sellers', 1915, 'Instergram'),
(385, 'Karly', 'Wagner', 'Sapien Imperdiet Ltd', '', 'eleifend.Cras@vulputatelacus.org', 'Lindsay', '57425', '(06) 6753 0577', 'Julian Wong', 1920, 'Instergram'),
(386, 'Boris', 'Harvey', 'Ornare Elit Associates', '', 'ligula@Vivamusnisi.org', 'Washington', '77877', '(03) 5044 0696', 'Skyler Sosa', 1925, 'Instergram'),
(387, 'Meghan', 'Key', 'Quisque Incorporated', '', 'pharetra.Nam.ac@augue.edu', 'Norris', '88468', '(07) 6330 7532', 'Alvin Everett', 1930, 'Instergram'),
(388, 'Isabelle', 'Davenport', 'Risus Limited', '', 'eu.nibh.vulputate@Integersem.edu', 'Newton', '43480', '(01) 2212 5123', 'Amir Bird', 1935, 'Instergram'),
(389, 'Thomas', 'Gibson', 'Mauris Integer Sem Institute', '', 'blandit.congue@acfacilisisfacilisis.com', 'Chambers', '22651', '(01) 8601 4878', 'Adena Ewing', 1940, 'Instergram'),
(390, 'Burke', 'Bowers', 'Proin Non Associates', '', 'odio.a.purus@arcuMorbi.org', 'Key', '94161', '(09) 7368 6501', 'Hammett Carpenter', 1945, 'Instergram'),
(391, 'Buffy', 'Maldonado', 'Montes Corp.', '', 'sit.amet.consectetuer@Aeneansedpede.org', 'Combs', '87611', '(05) 7658 0971', 'Ariana Lester', 1950, 'Instergram'),
(392, 'Yvonne', 'Sargent', 'Tellus Aenean Egestas Institute', '', 'et@velitSedmalesuada.co.uk', 'Mccarty', '93444', '(03) 2213 6856', 'Ursa Chambers', 1955, 'Instergram'),
(393, 'Lilah', 'Glenn', 'Iaculis Odio Consulting', '', 'In.lorem@sedsapien.com', 'Shepherd', '89419', '(08) 5155 6051', 'Patience Rush', 1960, 'Instergram'),
(394, 'Jocelyn', 'Vang', 'Duis Dignissim LLP', '', 'lorem.lorem@Nam.co.uk', 'Hoover', '93445', '(02) 7519 6973', 'Jane Kerr', 1965, 'Instergram'),
(395, 'Stacy', 'Torres', 'Cras Vulputate Inc.', '', 'Integer@eratvolutpat.com', 'Galloway', '59188', '(05) 1399 2351', 'Beck Raymond', 1970, 'Instergram'),
(396, 'Raphael', 'Bruce', 'Id Risus Inc.', '', 'Fusce@Donec.ca', 'Sanford', '34306', '(08) 5660 7280', 'Joy Vega', 1975, 'Instergram'),
(397, 'Sasha', 'Tucker', 'Etiam Bibendum Fermentum PC', '', 'risus.Donec@vulputate.edu', 'House', '36664', '(06) 1856 3691', 'Jin Patterson', 1980, 'Instergram'),
(398, 'Leigh', 'Wooten', 'Eget Volutpat Consulting', '', 'auctor.non@Nulla.co.uk', 'Boone', '29178', '(01) 5952 2084', 'Cassady Mcknight', 1985, 'Instergram'),
(399, 'Baxter', 'Bartlett', 'Dolor Consulting', '', 'vitae.erat.Vivamus@pedePraesent.co.uk', 'Garner', '73871', '(08) 4155 4246', 'Teegan Flynn', 1990, 'Youtube'),
(400, 'Brennan', 'Murphy', 'Pellentesque Tellus Incorporated', '', 'quam.dignissim.pharetra@sapienNunc.co.uk', 'Stewart', '94680', '(03) 4674 1529', 'Garth Elliott', 1995, 'Youtube');

-- --------------------------------------------------------

--
-- Table structure for table `sheet1`
--

DROP TABLE IF EXISTS `sheet1`;
CREATE TABLE IF NOT EXISTS `sheet1` (
  `id` int(7) DEFAULT NULL,
  `name` text NOT NULL,
  `pagename` text NOT NULL,
  `contactNo` int(10) NOT NULL,
  `email` text NOT NULL,
  `username` varchar(50) NOT NULL,
  `password` varchar(50) NOT NULL,
  `Category` varchar(20) DEFAULT NULL,
  `Price` int(10) DEFAULT NULL
) ENGINE=MyISAM DEFAULT CHARSET=utf8;

--
-- Dumping data for table `sheet1`
--

INSERT INTO `sheet1` (`id`, `name`, `pagename`, `contactNo`, `email`, `username`, `password`, `Category`, `Price`) VALUES
(1, '', '', 0, '', '', '', 'education', 2500),
(2, '', '', 0, '', '', '', 'music', 2500),
(3, '', '', 0, '', '', '', 'marketing', 2000),
(4, '', '', 0, '', '', '', 'Education', 1000),
(5, '', '', 0, '', '', '', 'music', 1000),
(6, '', '', 0, '', '', '', 'marketing', 1000),
(1524765, '', '', 0, '', '', '', 'Education', 1000),
(1136133, '', '', 0, '', '', '', 'Education', 1000),
(1680361, '', '', 0, '', '', '', 'Education', 1000),
(1365174, '', '', 0, '', '', '', 'Education', 1000),
(1712567, '', '', 0, '', '', '', 'Education', 1000),
(1612453, '', '', 0, '', '', '', 'Education', 1000),
(2104073, '', '', 0, '', '', '', 'Education', 1000),
(1918584, '', '', 0, '', '', '', 'Education', 1000),
(1704433, '', '', 0, '', '', '', 'Education', 1000),
(1932519, '', '', 0, '', '', '', 'Education', 1000),
(1751722, '', '', 0, '', '', '', 'Education', 1000),
(1470850, '', '', 0, '', '', '', 'Education', 1000),
(1001768, '', '', 0, '', '', '', 'Education', 1000),
(1537661, '', '', 0, '', '', '', 'Education', 1000),
(1020296, '', '', 0, '', '', '', 'Education', 1000),
(1472643, '', '', 0, '', '', '', 'Education', 1000),
(2041297, '', '', 0, '', '', '', 'Education', 1000),
(1514978, '', '', 0, '', '', '', 'Education', 1000),
(1708962, '', '', 0, '', '', '', 'Education', 1000),
(1098955, '', '', 0, '', '', '', 'Education', 1000),
(1001243, '', '', 0, '', '', '', 'Education', 1000),
(2113084, '', '', 0, '', '', '', 'Education', 1000),
(2163454, '', '', 0, '', '', '', 'Education', 1000),
(1670750, '', '', 0, '', '', '', 'Education', 1000),
(1041376, '', '', 0, '', '', '', 'Education', 1000),
(1762274, '', '', 0, '', '', '', 'Education', 1000),
(1903650, '', '', 0, '', '', '', 'Education', 1000),
(2087235, '', '', 0, '', '', '', 'Education', 1000),
(1871735, '', '', 0, '', '', '', 'Education', 1000),
(1459785, '', '', 0, '', '', '', 'Education', 1000),
(1215208, '', '', 0, '', '', '', 'Education', 1000),
(1255528, '', '', 0, '', '', '', 'Education', 1000),
(1390333, '', '', 0, '', '', '', 'Education', 1000),
(1570689, '', '', 0, '', '', '', 'Education', 1000),
(1197377, '', '', 0, '', '', '', 'Education', 1000),
(1472999, '', '', 0, '', '', '', 'Education', 1000),
(1549614, '', '', 0, '', '', '', 'Education', 1000),
(2056802, '', '', 0, '', '', '', 'Education', 1000),
(2091823, '', '', 0, '', '', '', 'Education', 1000),
(1302193, '', '', 0, '', '', '', 'Education', 1000),
(1784528, '', '', 0, '', '', '', 'Education', 1000),
(1842851, '', '', 0, '', '', '', 'Education', 1000),
(1002019, '', '', 0, '', '', '', 'Education', 1000),
(2188166, '', '', 0, '', '', '', 'Education', 1000),
(1443541, '', '', 0, '', '', '', 'Education', 1000),
(1927282, '', '', 0, '', '', '', 'Education', 1000),
(1929885, '', '', 0, '', '', '', 'Education', 1000),
(2188851, '', '', 0, '', '', '', 'Education', 1000),
(1562606, '', '', 0, '', '', '', 'Education', 1000),
(1599485, '', '', 0, '', '', '', 'Education', 1000),
(2157419, '', '', 0, '', '', '', 'Education', 1500),
(1264260, '', '', 0, '', '', '', 'Education', 1500),
(1123633, '', '', 0, '', '', '', 'Education', 1500),
(2045259, '', '', 0, '', '', '', 'Education', 1500),
(1712642, '', '', 0, '', '', '', 'Education', 1500),
(1304645, '', '', 0, '', '', '', 'Education', 1500),
(1287843, '', '', 0, '', '', '', 'Education', 1500),
(1094094, '', '', 0, '', '', '', 'Education', 1500),
(1201176, '', '', 0, '', '', '', 'Education', 1500),
(1717785, '', '', 0, '', '', '', 'Education', 1500),
(1764393, '', '', 0, '', '', '', 'Education', 1500),
(1483573, '', '', 0, '', '', '', 'Education', 1500),
(2163813, '', '', 0, '', '', '', 'Education', 1500),
(1435172, '', '', 0, '', '', '', 'Education', 1500),
(1732320, '', '', 0, '', '', '', 'Education', 1500),
(1866176, '', '', 0, '', '', '', 'Education', 1500),
(1402504, '', '', 0, '', '', '', 'Education', 1500),
(1469691, '', '', 0, '', '', '', 'Education', 1500),
(1820036, '', '', 0, '', '', '', 'Education', 1500),
(1922550, '', '', 0, '', '', '', 'Education', 1500),
(1450870, '', '', 0, '', '', '', 'Education', 1500),
(2044883, '', '', 0, '', '', '', 'Education', 1500),
(2055501, '', '', 0, '', '', '', 'Education', 1500),
(1574525, '', '', 0, '', '', '', 'Education', 1500),
(1460963, '', '', 0, '', '', '', 'Education', 1500),
(1648391, '', '', 0, '', '', '', 'Education', 1500),
(2162779, '', '', 0, '', '', '', 'Education', 1500),
(1105499, '', '', 0, '', '', '', 'Education', 1500),
(1654852, '', '', 0, '', '', '', 'Education', 1500),
(1665635, '', '', 0, '', '', '', 'Education', 1500),
(2113685, '', '', 0, '', '', '', 'Education', 1500),
(1772186, '', '', 0, '', '', '', 'Education', 1500),
(1962161, '', '', 0, '', '', '', 'Education', 1500),
(1605442, '', '', 0, '', '', '', 'Education', 1500),
(2166096, '', '', 0, '', '', '', 'Education', 1500),
(1777296, '', '', 0, '', '', '', 'Education', 1500),
(1232281, '', '', 0, '', '', '', 'Education', 1500),
(1328833, '', '', 0, '', '', '', 'Education', 1500),
(1288621, '', '', 0, '', '', '', 'Education', 1500),
(1129704, '', '', 0, '', '', '', 'Education', 1500),
(1126847, '', '', 0, '', '', '', 'Education', 1500),
(1056469, '', '', 0, '', '', '', 'Education', 1500),
(2190921, '', '', 0, '', '', '', 'Education', 1500),
(1496299, '', '', 0, '', '', '', 'Education', 1500),
(1297545, '', '', 0, '', '', '', 'Education', 1500),
(1314465, '', '', 0, '', '', '', 'Education', 1500),
(1832374, '', '', 0, '', '', '', 'Education', 1500),
(2164634, '', '', 0, '', '', '', 'Education', 1500),
(1012962, '', '', 0, '', '', '', 'Education', 1500),
(1294086, '', '', 0, '', '', '', 'Education', 1500),
(1160530, '', '', 0, '', '', '', 'Education', 1500),
(1859444, '', '', 0, '', '', '', 'Education', 1500),
(1757068, '', '', 0, '', '', '', 'Education', 1500),
(1998492, '', '', 0, '', '', '', 'Education', 1500),
(1536686, '', '', 0, '', '', '', 'Education', 1500),
(2070224, '', '', 0, '', '', '', 'Education', 1500),
(1608131, '', '', 0, '', '', '', 'Education', 1500),
(1483131, '', '', 0, '', '', '', 'Education', 1500),
(1677748, '', '', 0, '', '', '', 'Education', 1500),
(1703844, '', '', 0, '', '', '', 'Education', 1500),
(1695626, '', '', 0, '', '', '', 'Education', 1500),
(1054620, '', '', 0, '', '', '', 'Education', 1500),
(1885663, '', '', 0, '', '', '', 'Education', 1500),
(1174983, '', '', 0, '', '', '', 'Education', 1500),
(1300831, '', '', 0, '', '', '', 'Education', 1500),
(1106680, '', '', 0, '', '', '', 'Education', 1500),
(1712570, '', '', 0, '', '', '', 'Education', 1500),
(1505398, '', '', 0, '', '', '', 'Education', 1500),
(2071007, '', '', 0, '', '', '', 'Education', 1500),
(1387870, '', '', 0, '', '', '', 'Education', 1500),
(1997182, '', '', 0, '', '', '', 'Education', 1500),
(1409046, '', '', 0, '', '', '', 'Education', 1500),
(1020864, '', '', 0, '', '', '', 'Education', 1500),
(1662734, '', '', 0, '', '', '', 'Education', 1500),
(1917166, '', '', 0, '', '', '', 'Education', 1500),
(1689737, '', '', 0, '', '', '', 'Education', 1500),
(1011372, '', '', 0, '', '', '', 'Education', 1500),
(2191252, '', '', 0, '', '', '', 'Education', 1500),
(2064115, '', '', 0, '', '', '', 'Education', 1500),
(1449467, '', '', 0, '', '', '', 'Education', 1500),
(1505097, '', '', 0, '', '', '', 'Education', 1500),
(1306187, '', '', 0, '', '', '', 'Education', 1500),
(1430230, '', '', 0, '', '', '', 'Education', 1500),
(2126242, '', '', 0, '', '', '', 'Education', 1500),
(1096123, '', '', 0, '', '', '', 'Education', 1500),
(1733413, '', '', 0, '', '', '', 'Education', 1500),
(2153790, '', '', 0, '', '', '', 'Education', 1500),
(1639871, '', '', 0, '', '', '', 'Education', 1500),
(1542192, '', '', 0, '', '', '', 'Education', 1500),
(1664129, '', '', 0, '', '', '', 'Education', 1500),
(1972405, '', '', 0, '', '', '', 'Education', 1500),
(1063625, '', '', 0, '', '', '', 'Education', 1500),
(1637546, '', '', 0, '', '', '', 'Education', 1500),
(1941254, '', '', 0, '', '', '', 'Education', 1500),
(1683116, '', '', 0, '', '', '', 'Education', 1500),
(1930035, '', '', 0, '', '', '', 'Education', 1500),
(2183422, '', '', 0, '', '', '', 'Education', 1500),
(1935024, '', '', 0, '', '', '', 'Education', 1500),
(1590837, '', '', 0, '', '', '', 'Education', 1500),
(1124403, '', '', 0, '', '', '', 'Education', 1500),
(1364002, '', '', 0, '', '', '', 'Education', 1500),
(2113653, '', '', 0, '', '', '', 'Education', 1500),
(1331161, '', '', 0, '', '', '', 'Education', 1500),
(1806987, '', '', 0, '', '', '', 'Education', 1500),
(2038590, '', '', 0, '', '', '', 'Education', 1500),
(2167676, '', '', 0, '', '', '', 'Education', 1500),
(2115759, '', '', 0, '', '', '', 'Education', 1500),
(1392458, '', '', 0, '', '', '', 'Education', 1500),
(2130453, '', '', 0, '', '', '', 'Education', 1500),
(1787586, '', '', 0, '', '', '', 'Education', 1500),
(1857274, '', '', 0, '', '', '', 'Education', 1500),
(1217755, '', '', 0, '', '', '', 'Education', 1500),
(1236697, '', '', 0, '', '', '', 'Education', 1500),
(1305639, '', '', 0, '', '', '', 'Education', 1500),
(1169785, '', '', 0, '', '', '', 'Education', 1500),
(1338620, '', '', 0, '', '', '', 'Education', 1500),
(1283356, '', '', 0, '', '', '', 'Education', 1500),
(1189040, '', '', 0, '', '', '', 'Education', 1500),
(2126886, '', '', 0, '', '', '', 'Education', 1500),
(1418034, '', '', 0, '', '', '', 'Education', 1500),
(2011449, '', '', 0, '', '', '', 'Education', 1500),
(1765562, '', '', 0, '', '', '', 'Education', 1500),
(1132306, '', '', 0, '', '', '', 'Education', 1500),
(1829874, '', '', 0, '', '', '', 'Education', 1500),
(1992636, '', '', 0, '', '', '', 'Education', 1500),
(1745834, '', '', 0, '', '', '', 'Education', 1500),
(2014775, '', '', 0, '', '', '', 'Education', 1500),
(1258751, '', '', 0, '', '', '', 'Education', 1500),
(1433135, '', '', 0, '', '', '', 'Education', 1500),
(1608002, '', '', 0, '', '', '', 'Education', 1500),
(1406080, '', '', 0, '', '', '', 'Education', 1500),
(1436760, '', '', 0, '', '', '', 'Education', 1500),
(1371735, '', '', 0, '', '', '', 'Education', 1500),
(1134075, '', '', 0, '', '', '', 'Education', 1500),
(1805783, '', '', 0, '', '', '', 'Education', 1500),
(1863042, '', '', 0, '', '', '', 'Education', 1500),
(1144392, '', '', 0, '', '', '', 'Education', 1500),
(1397700, '', '', 0, '', '', '', 'Education', 1500),
(1195181, '', '', 0, '', '', '', 'Education', 1500),
(1195657, '', '', 0, '', '', '', 'Education', 1500),
(1837868, '', '', 0, '', '', '', 'Education', 1500),
(1499423, '', '', 0, '', '', '', 'Education', 1500),
(1926687, '', '', 0, '', '', '', 'Education', 1500),
(1684975, '', '', 0, '', '', '', 'Education', 1500),
(1427988, '', '', 0, '', '', '', 'Education', 1500),
(1466108, '', '', 0, '', '', '', 'Education', 1500),
(1865261, '', '', 0, '', '', '', 'Education', 1500),
(1997609, '', '', 0, '', '', '', 'Education', 1500),
(1809067, '', '', 0, '', '', '', 'Education', 1500),
(1771745, '', '', 0, '', '', '', 'Education', 1500),
(1419434, '', '', 0, '', '', '', 'Education', 1500),
(1217995, '', '', 0, '', '', '', 'Education', 1500),
(1797921, '', '', 0, '', '', '', 'Education', 1500),
(1926902, '', '', 0, '', '', '', 'Education', 1500),
(1055143, '', '', 0, '', '', '', 'Education', 1500),
(2135230, '', '', 0, '', '', '', 'Education', 1500),
(2152684, '', '', 0, '', '', '', 'Education', 1500),
(1829876, '', '', 0, '', '', '', 'Education', 1500),
(2124960, '', '', 0, '', '', '', 'Education', 1500),
(1233567, '', '', 0, '', '', '', 'Education', 1500),
(1473866, '', '', 0, '', '', '', 'Education', 1500),
(2137248, '', '', 0, '', '', '', 'Education', 1500),
(1345501, '', '', 0, '', '', '', 'Education', 1500),
(1391733, '', '', 0, '', '', '', 'Education', 1500),
(1566554, '', '', 0, '', '', '', 'Education', 1500),
(1355491, '', '', 0, '', '', '', 'Education', 1500),
(1315805, '', '', 0, '', '', '', 'Education', 1500),
(1279723, '', '', 0, '', '', '', 'Education', 1500),
(1657516, '', '', 0, '', '', '', 'Education', 1500),
(1483400, '', '', 0, '', '', '', 'Education', 1500),
(1597450, '', '', 0, '', '', '', 'Education', 1500),
(1873685, '', '', 0, '', '', '', 'Education', 1500),
(1697288, '', '', 0, '', '', '', 'Education', 1500),
(1066015, '', '', 0, '', '', '', 'Education', 1500),
(2014766, '', '', 0, '', '', '', 'Education', 1500),
(1299611, '', '', 0, '', '', '', 'Education', 1500),
(1671638, '', '', 0, '', '', '', 'Education', 1500),
(2095653, '', '', 0, '', '', '', 'Education', 1500),
(2156614, '', '', 0, '', '', '', 'Education', 1500),
(1113350, '', '', 0, '', '', '', 'Education', 1500),
(1925696, '', '', 0, '', '', '', 'Education', 1500),
(1953166, '', '', 0, '', '', '', 'Education', 1500),
(1447319, '', '', 0, '', '', '', 'Education', 1500),
(1213224, '', '', 0, '', '', '', 'Education', 1500),
(1620718, '', '', 0, '', '', '', 'Education', 1500),
(1740994, '', '', 0, '', '', '', 'Education', 1500),
(1738708, '', '', 0, '', '', '', 'Education', 1500),
(1602191, '', '', 0, '', '', '', 'Education', 1500),
(1804128, '', '', 0, '', '', '', 'Education', 1500),
(1826582, '', '', 0, '', '', '', 'Education', 1500),
(1847360, '', '', 0, '', '', '', 'Education', 1500),
(2072899, '', '', 0, '', '', '', 'Education', 1500),
(1807988, '', '', 0, '', '', '', 'Education', 1500),
(1044397, '', '', 0, '', '', '', 'Education', 1500),
(1892920, '', '', 0, '', '', '', 'Education', 1500),
(1161951, '', '', 0, '', '', '', 'Education', 1500),
(2187313, '', '', 0, '', '', '', 'Education', 1500),
(1080891, '', '', 0, '', '', '', 'Education', 1500),
(1593499, '', '', 0, '', '', '', 'Education', 1500),
(1879279, '', '', 0, '', '', '', 'Education', 1500),
(2035530, '', '', 0, '', '', '', 'Education', 1500),
(1383408, '', '', 0, '', '', '', 'Education', 1500),
(1981734, '', '', 0, '', '', '', 'Education', 1500),
(2099593, '', '', 0, '', '', '', 'Education', 1500),
(1209993, '', '', 0, '', '', '', 'Education', 1500),
(1202760, '', '', 0, '', '', '', 'Education', 1500),
(1138174, '', '', 0, '', '', '', 'Education', 1500),
(1395517, '', '', 0, '', '', '', 'Education', 1500),
(2075884, '', '', 0, '', '', '', 'Education', 1500),
(1606305, '', '', 0, '', '', '', 'Education', 1500),
(1235916, '', '', 0, '', '', '', 'Education', 1500),
(1440680, '', '', 0, '', '', '', 'Education', 1500),
(1896939, '', '', 0, '', '', '', 'Education', 1500),
(1534928, '', '', 0, '', '', '', 'Education', 1500),
(1919950, '', '', 0, '', '', '', 'Education', 1500),
(2045059, '', '', 0, '', '', '', 'Education', 1500),
(1664233, '', '', 0, '', '', '', 'Education', 1500),
(1301349, '', '', 0, '', '', '', 'Education', 1500),
(1632155, '', '', 0, '', '', '', 'Education', 1500),
(2082063, '', '', 0, '', '', '', 'Education', 1500),
(1915520, '', '', 0, '', '', '', 'Education', 1500),
(1908036, '', '', 0, '', '', '', 'Education', 1500),
(1498375, '', '', 0, '', '', '', 'Education', 1500),
(1462261, '', '', 0, '', '', '', 'Education', 1500),
(1636222, '', '', 0, '', '', '', 'Education', 1500),
(1569745, '', '', 0, '', '', '', 'Education', 1500),
(1306666, '', '', 0, '', '', '', 'Education', 1500),
(1572240, '', '', 0, '', '', '', 'Education', 1500),
(1647229, '', '', 0, '', '', '', 'Education', 1500),
(1648893, '', '', 0, '', '', '', 'Education', 1500),
(1151847, '', '', 0, '', '', '', 'Education', 1500),
(1210477, '', '', 0, '', '', '', 'Education', 1500),
(1362816, '', '', 0, '', '', '', 'Education', 1500),
(1957627, '', '', 0, '', '', '', 'Education', 1500),
(2088905, '', '', 0, '', '', '', 'Education', 1500),
(1750800, '', '', 0, '', '', '', 'Education', 1500),
(1532322, '', '', 0, '', '', '', 'Education', 1500),
(2107449, '', '', 0, '', '', '', 'Education', 1500),
(1476153, '', '', 0, '', '', '', 'Education', 1500),
(1761879, '', '', 0, '', '', '', 'Education', 1500),
(1380116, '', '', 0, '', '', '', 'Education', 1500),
(1525634, '', '', 0, '', '', '', 'Education', 1500),
(1130417, '', '', 0, '', '', '', 'Education', 1500),
(1307168, '', '', 0, '', '', '', 'Education', 1500),
(1283872, '', '', 0, '', '', '', 'Education', 1500),
(1150162, '', '', 0, '', '', '', 'Education', 1500),
(1816337, '', '', 0, '', '', '', 'Education', 1500),
(1724334, '', '', 0, '', '', '', 'Education', 1500),
(1439541, '', '', 0, '', '', '', 'Education', 1500),
(1787342, '', '', 0, '', '', '', 'Education', 1500),
(1592756, '', '', 0, '', '', '', 'Education', 1500),
(2160210, '', '', 0, '', '', '', 'Education', 1500),
(1804604, '', '', 0, '', '', '', 'Education', 1500),
(1251517, '', '', 0, '', '', '', 'Education', 1500),
(1212857, '', '', 0, '', '', '', 'Education', 1500),
(1018870, '', '', 0, '', '', '', 'Education', 1500),
(2015792, '', '', 0, '', '', '', 'Education', 1500),
(1602988, '', '', 0, '', '', '', 'Education', 1500),
(1994885, '', '', 0, '', '', '', 'Education', 1500),
(1783684, '', '', 0, '', '', '', 'Education', 1500),
(1336099, '', '', 0, '', '', '', 'Education', 1500),
(1370224, '', '', 0, '', '', '', 'Education', 1500),
(1072317, '', '', 0, '', '', '', 'Education', 1500),
(2089737, '', '', 0, '', '', '', 'Education', 1500),
(1235102, '', '', 0, '', '', '', 'Education', 1500),
(1516074, '', '', 0, '', '', '', 'Education', 1500),
(1564549, '', '', 0, '', '', '', 'Education', 1500),
(1420068, '', '', 0, '', '', '', 'Education', 1500),
(1913310, '', '', 0, '', '', '', 'Education', 1500),
(1225065, '', '', 0, '', '', '', 'Education', 1500),
(1083587, '', '', 0, '', '', '', 'Education', 1500),
(1397431, '', '', 0, '', '', '', 'Education', 1500),
(1973958, '', '', 0, '', '', '', 'Education', 1500),
(1228944, '', '', 0, '', '', '', 'Education', 1500),
(1836279, '', '', 0, '', '', '', 'Education', 1500),
(1720173, '', '', 0, '', '', '', 'Education', 1500),
(1592509, '', '', 0, '', '', '', 'Education', 1500),
(1916310, '', '', 0, '', '', '', 'Education', 1500),
(1850196, '', '', 0, '', '', '', 'Education', 1500),
(1605360, '', '', 0, '', '', '', 'Education', 1500),
(1240950, '', '', 0, '', '', '', 'Education', 1500),
(1180040, '', '', 0, '', '', '', 'Education', 1500),
(2013214, '', '', 0, '', '', '', 'Education', 1500),
(1329394, '', '', 0, '', '', '', 'Education', 1500),
(1082641, '', '', 0, '', '', '', 'Education', 1500),
(1381445, '', '', 0, '', '', '', 'Education', 1500),
(1142251, '', '', 0, '', '', '', 'Education', 1500),
(1842312, '', '', 0, '', '', '', 'Education', 1500),
(1559228, '', '', 0, '', '', '', 'Education', 1500),
(1342174, '', '', 0, '', '', '', 'Education', 1500),
(1935430, '', '', 0, '', '', '', 'Music', 1500),
(1653427, '', '', 0, '', '', '', 'Music', 1500),
(1979801, '', '', 0, '', '', '', 'Music', 1500),
(1747347, '', '', 0, '', '', '', 'Music', 1500),
(2138260, '', '', 0, '', '', '', 'Music', 1500),
(1595249, '', '', 0, '', '', '', 'Music', 1500),
(2068781, '', '', 0, '', '', '', 'Music', 1500),
(2132033, '', '', 0, '', '', '', 'Music', 1500),
(1860368, '', '', 0, '', '', '', 'Music', 1500),
(1401345, '', '', 0, '', '', '', 'Music', 1500),
(1756475, '', '', 0, '', '', '', 'Music', 1500),
(1156825, '', '', 0, '', '', '', 'Music', 1500),
(1954075, '', '', 0, '', '', '', 'Music', 1500),
(1077916, '', '', 0, '', '', '', 'Music', 1500),
(1795862, '', '', 0, '', '', '', 'Music', 1500),
(1646874, '', '', 0, '', '', '', 'Music', 1500),
(1283408, '', '', 0, '', '', '', 'Music', 1500),
(1633284, '', '', 0, '', '', '', 'Music', 1500),
(1102034, '', '', 0, '', '', '', 'Music', 1500),
(1194638, '', '', 0, '', '', '', 'Music', 1500),
(1225367, '', '', 0, '', '', '', 'Music', 1500),
(1520543, '', '', 0, '', '', '', 'Music', 1500),
(1826992, '', '', 0, '', '', '', 'Music', 1500),
(1448003, '', '', 0, '', '', '', 'Music', 1500),
(1261247, '', '', 0, '', '', '', 'Music', 1500),
(2061560, '', '', 0, '', '', '', 'Music', 1500),
(1981863, '', '', 0, '', '', '', 'Music', 1500),
(1007345, '', '', 0, '', '', '', 'Music', 1500),
(1957529, '', '', 0, '', '', '', 'Music', 1500),
(1115742, '', '', 0, '', '', '', 'Music', 1500),
(1238227, '', '', 0, '', '', '', 'Music', 1500),
(1554073, '', '', 0, '', '', '', 'Music', 1500),
(1124617, '', '', 0, '', '', '', 'Music', 1500),
(1192502, '', '', 0, '', '', '', 'Music', 1500),
(2049400, '', '', 0, '', '', '', 'Music', 1500),
(1773325, '', '', 0, '', '', '', 'Music', 1500),
(1567628, '', '', 0, '', '', '', 'Music', 1500),
(1358744, '', '', 0, '', '', '', 'Music', 1500),
(1151128, '', '', 0, '', '', '', 'Music', 1500),
(1853439, '', '', 0, '', '', '', 'Music', 1500),
(1322026, '', '', 0, '', '', '', 'Music', 1500),
(1879128, '', '', 0, '', '', '', 'Music', 1500),
(1369361, '', '', 0, '', '', '', 'Music', 1500),
(1806591, '', '', 0, '', '', '', 'Music', 1500),
(1334723, '', '', 0, '', '', '', 'Music', 1500),
(1137164, '', '', 0, '', '', '', 'Music', 1500),
(2003623, '', '', 0, '', '', '', 'Music', 1500),
(1631440, '', '', 0, '', '', '', 'Music', 1500),
(2175477, '', '', 0, '', '', '', 'Music', 1500),
(1985700, '', '', 0, '', '', '', 'Music', 1500),
(1293422, '', '', 0, '', '', '', 'Music', 1500),
(1287930, '', '', 0, '', '', '', 'Music', 1500),
(1398096, '', '', 0, '', '', '', 'Music', 1500),
(1341689, '', '', 0, '', '', '', 'Music', 1500),
(1888826, '', '', 0, '', '', '', 'Music', 1500),
(2156824, '', '', 0, '', '', '', 'Music', 1500),
(1249018, '', '', 0, '', '', '', 'Music', 1500),
(2128462, '', '', 0, '', '', '', 'Music', 1500),
(1369902, '', '', 0, '', '', '', 'Music', 1500),
(1186932, '', '', 0, '', '', '', 'Music', 1500),
(1612709, '', '', 0, '', '', '', 'Music', 1500),
(1578262, '', '', 0, '', '', '', 'Music', 1500),
(1216453, '', '', 0, '', '', '', 'Music', 1500),
(1680549, '', '', 0, '', '', '', 'Music', 1500),
(1380484, '', '', 0, '', '', '', 'Music', 1500),
(1577830, '', '', 0, '', '', '', 'Music', 1500),
(2045670, '', '', 0, '', '', '', 'Music', 1500),
(1398711, '', '', 0, '', '', '', 'Music', 1500),
(1124324, '', '', 0, '', '', '', 'Music', 1500),
(1075001, '', '', 0, '', '', '', 'Music', 1500),
(1890506, '', '', 0, '', '', '', 'Music', 1500),
(2024804, '', '', 0, '', '', '', 'Music', 1500),
(1498129, '', '', 0, '', '', '', 'Music', 1500),
(1142462, '', '', 0, '', '', '', 'Music', 1500),
(1249952, '', '', 0, '', '', '', 'Music', 1500),
(2125196, '', '', 0, '', '', '', 'Music', 1500),
(1910664, '', '', 0, '', '', '', 'Music', 1500),
(1354459, '', '', 0, '', '', '', 'Music', 1500),
(1326366, '', '', 0, '', '', '', 'Music', 1500),
(1117090, '', '', 0, '', '', '', 'Music', 1500),
(1547064, '', '', 0, '', '', '', 'Music', 1500),
(1222524, '', '', 0, '', '', '', 'Music', 1500),
(1141672, '', '', 0, '', '', '', 'Music', 1500),
(1042351, '', '', 0, '', '', '', 'Music', 1500),
(1387403, '', '', 0, '', '', '', 'Music', 1500),
(1236304, '', '', 0, '', '', '', 'Music', 1500),
(1860186, '', '', 0, '', '', '', 'Music', 1500),
(1693448, '', '', 0, '', '', '', 'Music', 1500),
(1186143, '', '', 0, '', '', '', 'Music', 1500),
(1687424, '', '', 0, '', '', '', 'Music', 1500),
(1165912, '', '', 0, '', '', '', 'Music', 1500),
(1361098, '', '', 0, '', '', '', 'Music', 1500),
(1439596, '', '', 0, '', '', '', 'Music', 1500),
(1610204, '', '', 0, '', '', '', 'Music', 1500),
(1693980, '', '', 0, '', '', '', 'Music', 1500),
(1415973, '', '', 0, '', '', '', 'Music', 1500),
(2121730, '', '', 0, '', '', '', 'Music', 1500),
(1178441, '', '', 0, '', '', '', 'Music', 1500),
(1740313, '', '', 0, '', '', '', 'Music', 1500),
(1532954, '', '', 0, '', '', '', 'Music', 1500),
(1487491, '', '', 0, '', '', '', 'Music', 1500),
(1635754, '', '', 0, '', '', '', 'Music', 1500),
(2022509, '', '', 0, '', '', '', 'Music', 1500),
(1843594, '', '', 0, '', '', '', 'Music', 1500),
(1439827, '', '', 0, '', '', '', 'Music', 1500),
(1677101, '', '', 0, '', '', '', 'Music', 1500),
(1306539, '', '', 0, '', '', '', 'Music', 1500),
(1488704, '', '', 0, '', '', '', 'Music', 1500),
(1988626, '', '', 0, '', '', '', 'Music', 1500),
(2043081, '', '', 0, '', '', '', 'Music', 1500),
(1318812, '', '', 0, '', '', '', 'Music', 1500),
(1210695, '', '', 0, '', '', '', 'Music', 1500),
(1076499, '', '', 0, '', '', '', 'Music', 1500),
(2174524, '', '', 0, '', '', '', 'Music', 1500),
(1479804, '', '', 0, '', '', '', 'Music', 1500),
(1815178, '', '', 0, '', '', '', 'Music', 1500),
(1849381, '', '', 0, '', '', '', 'Music', 1500),
(1670213, '', '', 0, '', '', '', 'Music', 1500),
(1471324, '', '', 0, '', '', '', 'Music', 1500),
(1366173, '', '', 0, '', '', '', 'Music', 1500),
(1863581, '', '', 0, '', '', '', 'Music', 1500),
(1580373, '', '', 0, '', '', '', 'Music', 1500),
(1091396, '', '', 0, '', '', '', 'Music', 1500),
(1408400, '', '', 0, '', '', '', 'Music', 1500),
(1256121, '', '', 0, '', '', '', 'Music', 1500),
(1293355, '', '', 0, '', '', '', 'Music', 1500),
(2040151, '', '', 0, '', '', '', 'Music', 1500),
(1179510, '', '', 0, '', '', '', 'Music', 1500),
(1762047, '', '', 0, '', '', '', 'Music', 1500),
(1803477, '', '', 0, '', '', '', 'Music', 1500),
(2091018, '', '', 0, '', '', '', 'Music', 1500),
(1186388, '', '', 0, '', '', '', 'Music', 1500),
(1871930, '', '', 0, '', '', '', 'Music', 1500),
(1503661, '', '', 0, '', '', '', 'Music', 1500),
(1076693, '', '', 0, '', '', '', 'Music', 1500),
(1410686, '', '', 0, '', '', '', 'Music', 2000),
(1536035, '', '', 0, '', '', '', 'Music', 2000),
(1030569, '', '', 0, '', '', '', 'Music', 2000),
(1170375, '', '', 0, '', '', '', 'Music', 2000),
(1240547, '', '', 0, '', '', '', 'Music', 2000),
(1361988, '', '', 0, '', '', '', 'Music', 2000),
(1622122, '', '', 0, '', '', '', 'Music', 2000),
(2089407, '', '', 0, '', '', '', 'Music', 2000),
(1828109, '', '', 0, '', '', '', 'Music', 2000),
(1305923, '', '', 0, '', '', '', 'Music', 2000),
(2170019, '', '', 0, '', '', '', 'Music', 2000),
(1075484, '', '', 0, '', '', '', 'Music', 2000),
(1142222, '', '', 0, '', '', '', 'Music', 2000),
(1115648, '', '', 0, '', '', '', 'Music', 2000),
(1112331, '', '', 0, '', '', '', 'Music', 2000),
(2135177, '', '', 0, '', '', '', 'Music', 2000),
(1883780, '', '', 0, '', '', '', 'Music', 2000),
(1549449, '', '', 0, '', '', '', 'Music', 2000),
(2181007, '', '', 0, '', '', '', 'Music', 2000),
(1634894, '', '', 0, '', '', '', 'Music', 2000),
(1016360, '', '', 0, '', '', '', 'Music', 2000),
(2120971, '', '', 0, '', '', '', 'Music', 2000),
(1286623, '', '', 0, '', '', '', 'Music', 2000),
(1893192, '', '', 0, '', '', '', 'Music', 2000),
(1396709, '', '', 0, '', '', '', 'Music', 2000),
(1096874, '', '', 0, '', '', '', 'Music', 2000),
(1062603, '', '', 0, '', '', '', 'Music', 2000),
(1689361, '', '', 0, '', '', '', 'Music', 2000),
(1498591, '', '', 0, '', '', '', 'Music', 2000),
(1013748, '', '', 0, '', '', '', 'Music', 2000),
(1021921, '', '', 0, '', '', '', 'Music', 2000),
(2091217, '', '', 0, '', '', '', 'Music', 2000),
(2062106, '', '', 0, '', '', '', 'Music', 2000),
(1183470, '', '', 0, '', '', '', 'Music', 1000),
(1834825, '', '', 0, '', '', '', 'Music', 1000),
(2004817, '', '', 0, '', '', '', 'Music', 1000),
(1784614, '', '', 0, '', '', '', 'Music', 1000),
(1936982, '', '', 0, '', '', '', 'Music', 1000),
(1194082, '', '', 0, '', '', '', 'Music', 1000),
(1456545, '', '', 0, '', '', '', 'Music', 1000),
(1338898, '', '', 0, '', '', '', 'Music', 1000),
(1684157, '', '', 0, '', '', '', 'Music', 1000),
(1860511, '', '', 0, '', '', '', 'Music', 1000),
(1204593, '', '', 0, '', '', '', 'Music', 1000),
(2083195, '', '', 0, '', '', '', 'Music', 1000),
(2071109, '', '', 0, '', '', '', 'Music', 1000),
(2143083, '', '', 0, '', '', '', 'Music', 1000),
(2127209, '', '', 0, '', '', '', 'Music', 1000),
(1122559, '', '', 0, '', '', '', 'Music', 1000),
(1307763, '', '', 0, '', '', '', 'Music', 1000),
(1512798, '', '', 0, '', '', '', 'Music', 1000),
(1001056, '', '', 0, '', '', '', 'Music', 1000),
(1969215, '', '', 0, '', '', '', 'Music', 1000),
(1236397, '', '', 0, '', '', '', 'Music', 1000),
(1817461, '', '', 0, '', '', '', 'Music', 1000),
(1440323, '', '', 0, '', '', '', 'Music', 1000),
(1661312, '', '', 0, '', '', '', 'Music', 1000),
(1625491, '', '', 0, '', '', '', 'Music', 1000),
(1958578, '', '', 0, '', '', '', 'Music', 1000),
(1725783, '', '', 0, '', '', '', 'Music', 1000),
(1854664, '', '', 0, '', '', '', 'Music', 1000),
(1962632, '', '', 0, '', '', '', 'Music', 1000),
(1658003, '', '', 0, '', '', '', 'Music', 1000),
(1968981, '', '', 0, '', '', '', 'Music', 1000),
(1080665, '', '', 0, '', '', '', 'Music', 1000),
(1088796, '', '', 0, '', '', '', 'Music', 1000),
(1864419, '', '', 0, '', '', '', 'Music', 1000),
(1264965, '', '', 0, '', '', '', 'Music', 1000),
(2144353, '', '', 0, '', '', '', 'Music', 1000),
(1824980, '', '', 0, '', '', '', 'Music', 1000),
(1537697, '', '', 0, '', '', '', 'Music', 1000),
(2103920, '', '', 0, '', '', '', 'Music', 1000),
(1964987, '', '', 0, '', '', '', 'Music', 1000),
(1123732, '', '', 0, '', '', '', 'Music', 1000),
(1046374, '', '', 0, '', '', '', 'Music', 1000),
(1920994, '', '', 0, '', '', '', 'Music', 1000),
(1780403, '', '', 0, '', '', '', 'Music', 1000),
(1600325, '', '', 0, '', '', '', 'Music', 1000),
(1174798, '', '', 0, '', '', '', 'Music', 1000),
(1497388, '', '', 0, '', '', '', 'Music', 1000),
(1486586, '', '', 0, '', '', '', 'Music', 1000),
(1077607, '', '', 0, '', '', '', 'Music', 1000),
(1794987, '', '', 0, '', '', '', 'Music', 1000),
(2114397, '', '', 0, '', '', '', 'Music', 1000),
(1817661, '', '', 0, '', '', '', 'Music', 1000),
(2039321, '', '', 0, '', '', '', 'Music', 1000),
(1980455, '', '', 0, '', '', '', 'Music', 1000),
(1844330, '', '', 0, '', '', '', 'Music', 1000),
(1181701, '', '', 0, '', '', '', 'Music', 1000),
(1810616, '', '', 0, '', '', '', 'Music', 1000),
(1137347, '', '', 0, '', '', '', 'Music', 1000),
(1288771, '', '', 0, '', '', '', 'Music', 1000),
(1087188, '', '', 0, '', '', '', 'Music', 1000),
(1481505, '', '', 0, '', '', '', 'Music', 1000),
(2037629, '', '', 0, '', '', '', 'Music', 1000),
(1686785, '', '', 0, '', '', '', 'Music', 1000),
(1326068, '', '', 0, '', '', '', 'Music', 1000),
(1159400, '', '', 0, '', '', '', 'Music', 1000),
(1682582, '', '', 0, '', '', '', 'Music', 1000),
(1350965, '', '', 0, '', '', '', 'Music', 1000),
(1939619, '', '', 0, '', '', '', 'Music', 1000),
(1942528, '', '', 0, '', '', '', 'Music', 1000),
(2179394, '', '', 0, '', '', '', 'Music', 1000),
(1004789, '', '', 0, '', '', '', 'Music', 1000),
(1371905, '', '', 0, '', '', '', 'Music', 1000),
(1127019, '', '', 0, '', '', '', 'Music', 1000),
(1748374, '', '', 0, '', '', '', 'Music', 1000),
(2041869, '', '', 0, '', '', '', 'Music', 1000),
(1330421, '', '', 0, '', '', '', 'Music', 1000),
(1303106, '', '', 0, '', '', '', 'Music', 1000),
(1294196, '', '', 0, '', '', '', 'Music', 1000),
(1271982, '', '', 0, '', '', '', 'Music', 1000),
(1221779, '', '', 0, '', '', '', 'Music', 1000),
(2169348, '', '', 0, '', '', '', 'Music', 1000),
(1785638, '', '', 0, '', '', '', 'Music', 1000),
(2046168, '', '', 0, '', '', '', 'Music', 1000),
(1103662, '', '', 0, '', '', '', 'Music', 1000),
(1011577, '', '', 0, '', '', '', 'Music', 1000),
(1667251, '', '', 0, '', '', '', 'Music', 1000);

-- --------------------------------------------------------

--
-- Table structure for table `users`
--

DROP TABLE IF EXISTS `users`;
CREATE TABLE IF NOT EXISTS `users` (
  `id` int(11) DEFAULT NULL,
  `category` int(11) DEFAULT NULL,
  `page_category` int(11) DEFAULT NULL,
  `auther_name` text,
  `page_name` text,
  `user_name` varchar(50) DEFAULT NULL,
  `passwoerd` varchar(50) DEFAULT NULL,
  `user_type` int(11) DEFAULT NULL,
  `email` varchar(50) DEFAULT NULL,
  `contact_No` varchar(50) DEFAULT NULL,
  `price` varchar(50) DEFAULT NULL
) ENGINE=InnoDB DEFAULT CHARSET=utf8mb4;

--
-- Dumping data for table `users`
--

INSERT INTO `users` (`id`, `category`, `page_category`, `auther_name`, `page_name`, `user_name`, `passwoerd`, `user_type`, `email`, `contact_No`, `price`) VALUES
(1, 0, 0, 'MAE', 'MAE', 'admin', '123', 1, 'spinfold0@123-reg.co.uk', '(360) 9496913', ''),
(2, 4, 0, 'sachith', 'five frog', 'sachith', '123', 2, 'jwaterman1@merriam-webster.com', '(733) 5410884', ''),
(3, 4, 0, 'delon', 'delons', 'delon', '123', 2, 'agoutcher2@independent.co.uk', '(110) 2774652', ''),
(4, 4, 0, 'kumar', 'kuma ', 'kumar', '123', 2, 'cinnerstone3@hp.com', '(275) 1434148', ''),
(5, 4, 0, 'felis sed', 'penatibus et', 'wkeyworth4', 'gLNwxAn8k7hl', 2, 'ffortman4@ocn.ne.jp', '(399) 3884510', ''),
(6, 4, 0, 'nulla dapibus', 'odio curabitur', 'aricco5', 'ZcZCtSHR1', 2, 'cbellon5@rakuten.co.jp', '(408) 9114889', ''),
(7, 1, 1, 'rhoncus dui', 'ultrices', 'sbradshaw6', 'hM80M12hg', 3, 'mjeaffreson6@washingtonpost.com', '(665) 4181066', '2381.33'),
(8, 1, 1, 'consequat', 'felis', 'ldesorts7', 'lqrMySGewf8', 3, 'mcranmere7@sciencedaily.com', '(349) 5587399', '3358.17'),
(9, 1, 1, 'posuere', 'rutrum ac', 'bbarratt8', '9gMZp2S50jR', 3, 'hshewery8@yandex.ru', '(858) 8212814', '1296.69'),
(10, 1, 1, 'nullam', 'sapien', 'hdmtrovic9', 'lY4Ew7', 3, 'tsnalham9@psu.edu', '(720) 4791230', '9860.54'),
(11, 1, 1, 'sed', 'egestas metus', 'ckeymera', 'qij4AkxDI9', 3, 'pberkerya@noaa.gov', '(269) 6611078', '7818.42'),
(12, 1, 1, 'posuere cubilia', 'volutpat in', 'wbabbb', 'z2GldG', 3, 'zdeethb@gravatar.com', '(728) 1512696', '5553.58'),
(13, 1, 1, 'sed', 'blandit non', 'psimcockc', 'jGtvIfYjO', 3, 'jvasyaevc@weebly.com', '(576) 3771186', '7024.96'),
(14, 1, 1, 'pellentesque', 'vel lectus', 'hwarbeyd', 'gtLc0Y3', 3, 'jreend@businessweek.com', '(233) 9777270', '1980.99'),
(15, 1, 1, 'duis faucibus', 'habitasse', 'dshamae', 'pQ32Yw81nIh', 3, 'lhradskye@cyberchimps.com', '(116) 4969164', '8107.72'),
(16, 1, 1, 'curae', 'in hac', 'jcasebournef', 'Y0PjGCEKZy', 3, 'ireignoldsf@mozilla.com', '(372) 8635897', '3863.57'),
(17, 1, 1, 'aliquet', 'mattis egestas', 'mzemlerg', 'rfbiJVD6', 3, 'omenendezg@ustream.tv', '(572) 5801462', '7350.69'),
(18, 1, 1, 'nisl nunc', 'aliquet ultrices', 'rdoswellh', 'UnpqMij', 3, 'fomahoneyh@census.gov', '(982) 9817823', '7571.40'),
(19, 1, 1, 'sed lacus', 'a', 'ishowli', 'mFucT91QDOE', 3, 'dshowti@globo.com', '(151) 5920247', '2087.59'),
(20, 2, 2, 'faucibus orci', 'sed interdum', 'awithinshawj', '0pTurmTb', 3, 'gdriuzzij@indiatimes.com', '(313) 2208618', '6176.51'),
(21, 2, 2, 'neque', 'quis', 'amcindrewk', '0Cf8o5WmV', 3, 'swederellk@netlog.com', '(950) 4459917', '8653.28'),
(22, 2, 2, 'diam', 'etiam justo', 'ncurruml', 'eFW9e0L', 3, 'kdebruinl@bandcamp.com', '(893) 6458111', '5427.31'),
(23, 2, 2, 'ipsum praesent', 'ante nulla', 'edykam', 'KJD8SoDGK5', 3, 'zflaxmanm@marketwatch.com', '(403) 5784788', '3533.14'),
(24, 2, 2, 'proin', 'libero quis', 'rcrystaln', 'XIS0MUMNVJ', 3, 'kgobyn@upenn.edu', '(965) 8831428', '2100.48'),
(25, 2, 2, 'lacinia nisi', 'justo aliquam', 'rleasko', 'BFwgJkqJM', 3, 'fgledstaneo@google.com.br', '(651) 5358272', '2407.07'),
(26, 2, 2, 'eros suspendisse', 'sollicitudin mi', 'agoldbournp', 'aGeTjpIaybaG', 3, 'aedrichp@ow.ly', '(446) 6538625', '6908.72'),
(27, 2, 2, 'nullam orci', 'vel', 'cboxenq', 'Jm2iQWD', 3, 'pbertenshawq@mail.ru', '(886) 1741878', '2155.77'),
(28, 2, 2, 'tempus sit', 'aliquet pulvinar', 'lizenr', 'fz9OVYpXDcOA', 3, 'lchalcroftr@woothemes.com', '(338) 8028209', '6088.76'),
(29, 2, 2, 'odio justo', 'duis bibendum', 'elempkes', 'R5CkHnd9Fa', 3, 'codunnioms@blogspot.com', '(342) 5651578', '4900.08'),
(30, 3, 3, 'pede', 'nascetur ridiculus', 'rmyattt', '6nt8No7tH', 3, 'bcrowhurstt@illinois.edu', '(997) 3822097', '9966.85'),
(31, 3, 3, 'aliquet massa', 'dapibus', 'lgillingwateru', 'MfYAIQ', 3, 'hlowdenu@cpanel.net', '(449) 5597964', '4286.34'),
(32, 3, 3, 'id nulla', 'quisque', 'afarncombev', 'R2aJJ3t6l', 3, 'wdejuaresv@engadget.com', '(911) 6128469', '9914.10'),
(33, 3, 3, 'nullam', 'pede', 'ssamplew', 'treJh5', 2, 'bwoodisonw@prnewswire.com', '(345) 6379793', '3709.57'),
(34, 3, 3, 'massa', 'a nibh', 'wjarrellx', 'e63ZF48FcVl', 2, 'apiotrowskix@over-blog.com', '(299) 3902348', '9449.68'),
(35, 3, 3, 'in sapien', 'habitasse', 'hchastany', 'QOuVUG8Y9', 2, 'twhitehairy@va.gov', '(276) 1172944', '8880.87'),
(36, 3, 3, 'augue luctus', 'sem', 'mdemarez', 'vbQVTKKBZYP', 2, 'fdowallz@macromedia.com', '(825) 7078613', '4704.51'),
(37, 3, 3, 'arcu libero', 'parturient montes', 'hcaffrey10', 'DsZvlcdx9h', 3, 'ejelley10@hp.com', '(284) 5682293', '7494.65'),
(38, 3, 3, 'mi nulla', 'quam', 'aoglassane11', 'zZUP6SN', 3, 'jsheldon11@livejournal.com', '(919) 5980975', '6534.96'),
(39, 3, 3, 'libero', 'platea dictumst', 'frappa12', 'fsx8BgGw', 3, 'dswainsbury12@google.ca', '(492) 6052673', '3075.57'),
(40, 1, 4, 'duis', 'vestibulum', 'gstarmont13', 'YQllHO8W', 3, 'ddenial13@163.com', '(677) 9164883', '8072.15'),
(41, 2, 4, 'tincidunt', 'elementum eu', 'aking14', 'Ao5PxLMEqT', 3, 'ahowlett14@comsenz.com', '(973) 3109302', '8772.73'),
(42, 3, 4, 'adipiscing lorem', 'nulla suspendisse', 'tvarah15', 'qQndlbwAtjX', 3, 'creicharz15@pen.io', '(208) 5617749', '3737.22'),
(43, 3, 4, 'nisi at', 'elit proin', 'pwessing16', 'yDB2c4gS1', 3, 'tfrogley16@scientificamerican.com', '(115) 9945070', '9106.58'),
(44, 3, 4, 'donec semper', 'libero non', 'bmcgourty17', 'FkGXYk', 3, 'cdemelt17@sogou.com', '(656) 3748470', '6298.52'),
(45, 3, 4, 'mauris eget', 'quam', 'pjiran18', 'zUwXFPjhvC', 3, 'msavege18@google.co.jp', '(784) 2761346', '8099.44'),
(46, 3, 4, 'donec quis', 'diam cras', 'kpinches19', 'v6EKFu6GvxTI', 3, 'rboughey19@mac.com', '(219) 6745680', '9489.79'),
(47, 3, 4, 'justo', 'nisi eu', 'khassewell1a', 'tMoKZiY', 3, 'jborthwick1a@altervista.org', '(328) 4233022', '4534.86'),
(48, 2, 4, 'sapien', 'lacus morbi', 'haldins1b', 'elJL7rMd6u', 3, 'meyckel1b@hud.gov', '(292) 9684274', '4782.44'),
(49, 2, 4, 'orci', 'rhoncus', 'surwen1c', 'QQQPr53Mpm7U', 3, 'fdiaper1c@cbslocal.com', '(552) 7082678', '7781.16'),
(50, 2, 5, 'tellus nisi', 'ultrices libero', 'fenga1d', 'uVsJEMgK2h', 3, 'dsyson1d@illinois.edu', '(637) 4354913', '2478.95'),
(51, 2, 5, 'mauris', 'pretium', 'cmonard1e', 'H6X2vHWvsekM', 3, 'nantonucci1e@uol.com.br', '(235) 3969978', '6879.95'),
(52, 2, 5, 'imperdiet et', 'amet nunc', 'alening1f', '4TqWdYC', 3, 'hstamper1f@fema.gov', '(277) 4359616', '3676.72'),
(53, 2, 5, 'sit amet', 'vitae', 'bhatrey1g', '8Xqv8l5', 3, 'epyffe1g@meetup.com', '(262) 8468607', '6192.50'),
(54, 2, 5, 'semper', 'ut', 'jflinders1h', 'afb4Jv8', 3, 'twillets1h@yellowbook.com', '(674) 5402167', '3111.00'),
(55, 2, 5, 'suspendisse', 'orci', 'bgillison1i', 'BIiUjD', 3, 'jskuce1i@accuweather.com', '(982) 5432125', '6170.09'),
(56, 2, 5, 'rhoncus mauris', 'posuere felis', 'pharvison1j', 'TwKdUJG', 3, 'csheard1j@e-recht24.de', '(801) 6939265', '8441.77'),
(57, 3, 5, 'condimentum', 'nulla', 'haiskovitch1k', 't2OCSN', 3, 'mdavis1k@vinaora.com', '(730) 7952514', '1077.68'),
(58, 3, 5, 'id turpis', 'volutpat', 'bcrone1l', 'voTNPS', 3, 'ascutter1l@vistaprint.com', '(701) 4460990', '6217.45'),
(59, 3, 5, 'adipiscing molestie', 'at turpis', 'acanner1m', 'jWLSvG3', 3, 'mrosengart1m@cam.ac.uk', '(232) 8700587', '8941.22'),
(60, 3, 1, 'ut', 'curabitur gravida', 'rmilward1n', 't4FDm2S9', 3, 'mtomson1n@storify.com', '(426) 2322620', '6656.47'),
(61, 2, 1, 'pede posuere', 'leo rhoncus', 'cottey1o', 'WsBvR9DI', 3, 'bcowdray1o@businesswire.com', '(703) 4216186', '9219.51'),
(62, 2, 2, 'placerat', 'quis', 'cendley1p', 'saib2CShwE', 3, 'pglaze1p@simplemachines.org', '(202) 2850093', '4944.24'),
(63, 2, 3, 'in', 'neque', 'sstellin1q', '5RsUM2', 3, 'wschnieder1q@psu.edu', '(406) 4448077', '1687.42'),
(64, 2, 4, 'velit', 'integer a', 'djanas1r', 'GdY4ciNvvf', 3, 'dclapton1r@nydailynews.com', '(832) 9157398', '5678.31'),
(65, 2, 5, 'suspendisse potenti', 'morbi', 'ldunderdale1s', 'iUAIQhRh2Pkz', 3, 'kmccoughan1s@myspace.com', '(981) 7882314', '9579.74'),
(66, 2, 1, 'nulla tellus', 'congue diam', 'barunowicz1t', 'C8C95G', 3, 'rmedland1t@theguardian.com', '(492) 2487665', '3216.65'),
(67, 2, 1, 'vestibulum', 'consequat in', 'gbudgen1u', 'hWzg6KFeFqYJ', 3, 'fitzakovitz1u@psu.edu', '(174) 8928735', '6697.21'),
(68, 3, 1, 'at', 'volutpat convallis', 'apregel1v', '8ptR6W', 3, 'bbrisard1v@cisco.com', '(467) 6886039', '6435.07'),
(69, 3, 2, 'diam vitae', 'suspendisse accumsan', 'sfison1w', 'kc402Czyvfi2', 3, 'cdecarteret1w@state.tx.us', '(654) 3880795', '8630.24'),
(70, 3, 2, 'amet justo', 'auctor', 'lander1x', 'Wuj4Sp', 3, 'lmartijn1x@wordpress.org', '(716) 1506400', '3136.33'),
(71, 3, 1, 'ultrices libero', 'ultrices posuere', 'gmirams1y', 'VaAWWi', 3, 'sgozzard1y@pcworld.com', '(434) 8437105', '7263.24'),
(72, 3, 2, 'amet', 'magna', 'clofting1z', 'HEaYvb', 3, 'mlevins1z@nps.gov', '(869) 1914612', '2464.10'),
(73, 3, 3, 'id', 'aliquam non', 'ewhiley20', '3mK1dnM', 3, 'bdilkes20@ustream.tv', '(229) 9459223', '9972.05'),
(74, 3, 4, 'turpis enim', 'montes nascetur', 'rabdee21', '5Ds5eGf', 3, 'mploughwright21@nymag.com', '(902) 2655253', '6333.06'),
(75, 3, 5, 'nunc', 'lobortis convallis', 'mtimmens22', 'gFEXk6', 3, 'earsnell22@digg.com', '(103) 4234340', '2076.60'),
(76, 3, 3, 'tellus in', 'nonummy maecenas', 'kriding23', 'fpY97Vz', 3, 'aturfin23@google.cn', '(983) 9295098', '9095.57'),
(77, 1, 3, 'quisque erat', 'luctus', 'jduce24', 'aTjq4qGi', 3, 'lcaldayrou24@ebay.com', '(676) 3733064', '1374.66'),
(78, 1, 3, 'quis', 'hac habitasse', 'fsyphus25', 'Uidwzj', 3, 'delton25@icq.com', '(285) 4582318', '4956.15'),
(79, 1, 3, 'lectus', 'vivamus tortor', 'nsone26', 'SeNnucte', 3, 'jniche26@bandcamp.com', '(850) 5574260', '3992.90'),
(80, 1, 1, 'nonummy', 'potenti', 'jjansky27', 'CmFKBfbD8s', 3, 'bdransfield27@nih.gov', '(432) 2207267', '8271.96'),
(81, 1, 1, 'proin interdum', 'luctus', 'idafforne28', 'DXf1Zj', 3, 'tgrodden28@discovery.com', '(786) 2353958', '2162.09'),
(83, 1, 3, 'tortor eu', 'nec nisi', 'vmanning2a', '09PPwCqi', 3, 'trabley2a@bandcamp.com', '(831) 2653939', '9580.83');
COMMIT;

/*!40101 SET CHARACTER_SET_CLIENT=@OLD_CHARACTER_SET_CLIENT */;
/*!40101 SET CHARACTER_SET_RESULTS=@OLD_CHARACTER_SET_RESULTS */;
/*!40101 SET COLLATION_CONNECTION=@OLD_COLLATION_CONNECTION */;
